max_cut_value,time_in_nanoseconds,solver,node_count,edge_count,graph_name
14,45867700,GoemansWilliamsonMaxCutSolver,10,20,data/set6/graph_2025-06-02-19-00-1510_20.csv
15,6181200,GoemansWilliamsonMaxCutSolver,10,20,data/set6/graph_2025-06-02-19-00-1510_20.csv
14,12214400,GoemansWilliamsonMaxCutSolver,10,20,data/set6/graph_2025-06-02-19-00-1510_20.csv
14,10308600,GoemansWilliamsonMaxCutSolver,10,20,data/set6/graph_2025-06-02-19-00-1510_20.csv
14,10744500,GoemansWilliamsonMaxCutSolver,10,20,data/set6/graph_2025-06-02-19-00-1510_20.csv
14,7594000,GoemansWilliamsonMaxCutSolver,10,20,data/set6/graph_2025-06-02-19-00-1510_20.csv
15,6389500,GoemansWilliamsonMaxCutSolver,10,20,data/set6/graph_2025-06-02-19-00-1510_20.csv
15,9166000,GoemansWilliamsonMaxCutSolver,10,20,data/set6/graph_2025-06-02-19-00-1510_20.csv
15,7326800,GoemansWilliamsonMaxCutSolver,10,20,data/set6/graph_2025-06-02-19-00-1510_20.csv
14,7817400,GoemansWilliamsonMaxCutSolver,10,20,data/set6/graph_2025-06-02-19-00-1510_20.csv
15,7974200,GoemansWilliamsonMaxCutSolver,10,22,data/set6/graph_2025-06-02-19-00-1510_22.csv
16,6507800,GoemansWilliamsonMaxCutSolver,10,22,data/set6/graph_2025-06-02-19-00-1510_22.csv
16,11108700,GoemansWilliamsonMaxCutSolver,10,22,data/set6/graph_2025-06-02-19-00-1510_22.csv
16,8534400,GoemansWilliamsonMaxCutSolver,10,22,data/set6/graph_2025-06-02-19-00-1510_22.csv
16,9721800,GoemansWilliamsonMaxCutSolver,10,22,data/set6/graph_2025-06-02-19-00-1510_22.csv
16,8527800,GoemansWilliamsonMaxCutSolver,10,22,data/set6/graph_2025-06-02-19-00-1510_22.csv
15,7192600,GoemansWilliamsonMaxCutSolver,10,22,data/set6/graph_2025-06-02-19-00-1510_22.csv
16,6737300,GoemansWilliamsonMaxCutSolver,10,22,data/set6/graph_2025-06-02-19-00-1510_22.csv
16,7217700,GoemansWilliamsonMaxCutSolver,10,22,data/set6/graph_2025-06-02-19-00-1510_22.csv
16,6816600,GoemansWilliamsonMaxCutSolver,10,22,data/set6/graph_2025-06-02-19-00-1510_22.csv
14,12051400,GoemansWilliamsonMaxCutSolver,11,19,data/set6/graph_2025-06-02-19-00-1511_19.csv
13,7279000,GoemansWilliamsonMaxCutSolver,11,19,data/set6/graph_2025-06-02-19-00-1511_19.csv
13,6220400,GoemansWilliamsonMaxCutSolver,11,19,data/set6/graph_2025-06-02-19-00-1511_19.csv
13,6118500,GoemansWilliamsonMaxCutSolver,11,19,data/set6/graph_2025-06-02-19-00-1511_19.csv
13,6541100,GoemansWilliamsonMaxCutSolver,11,19,data/set6/graph_2025-06-02-19-00-1511_19.csv
15,7529200,GoemansWilliamsonMaxCutSolver,11,19,data/set6/graph_2025-06-02-19-00-1511_19.csv
14,10499100,GoemansWilliamsonMaxCutSolver,11,19,data/set6/graph_2025-06-02-19-00-1511_19.csv
14,11302400,GoemansWilliamsonMaxCutSolver,11,19,data/set6/graph_2025-06-02-19-00-1511_19.csv
14,7342500,GoemansWilliamsonMaxCutSolver,11,19,data/set6/graph_2025-06-02-19-00-1511_19.csv
14,6756200,GoemansWilliamsonMaxCutSolver,11,19,data/set6/graph_2025-06-02-19-00-1511_19.csv
20,7475300,GoemansWilliamsonMaxCutSolver,11,31,data/set6/graph_2025-06-02-19-00-1511_20.csv
21,6969300,GoemansWilliamsonMaxCutSolver,11,31,data/set6/graph_2025-06-02-19-00-1511_20.csv
22,7721300,GoemansWilliamsonMaxCutSolver,11,31,data/set6/graph_2025-06-02-19-00-1511_20.csv
20,7583500,GoemansWilliamsonMaxCutSolver,11,31,data/set6/graph_2025-06-02-19-00-1511_20.csv
21,6970500,GoemansWilliamsonMaxCutSolver,11,31,data/set6/graph_2025-06-02-19-00-1511_20.csv
20,6227900,GoemansWilliamsonMaxCutSolver,11,31,data/set6/graph_2025-06-02-19-00-1511_20.csv
22,6393000,GoemansWilliamsonMaxCutSolver,11,31,data/set6/graph_2025-06-02-19-00-1511_20.csv
21,7007000,GoemansWilliamsonMaxCutSolver,11,31,data/set6/graph_2025-06-02-19-00-1511_20.csv
20,6282300,GoemansWilliamsonMaxCutSolver,11,31,data/set6/graph_2025-06-02-19-00-1511_20.csv
21,6960000,GoemansWilliamsonMaxCutSolver,11,31,data/set6/graph_2025-06-02-19-00-1511_20.csv
28,9959300,GoemansWilliamsonMaxCutSolver,11,46,data/set6/graph_2025-06-02-19-00-1511_21.csv
29,10589100,GoemansWilliamsonMaxCutSolver,11,46,data/set6/graph_2025-06-02-19-00-1511_21.csv
28,7305600,GoemansWilliamsonMaxCutSolver,11,46,data/set6/graph_2025-06-02-19-00-1511_21.csv
27,13393800,GoemansWilliamsonMaxCutSolver,11,46,data/set6/graph_2025-06-02-19-00-1511_21.csv
27,10874100,GoemansWilliamsonMaxCutSolver,11,46,data/set6/graph_2025-06-02-19-00-1511_21.csv
27,12587900,GoemansWilliamsonMaxCutSolver,11,46,data/set6/graph_2025-06-02-19-00-1511_21.csv
27,6333500,GoemansWilliamsonMaxCutSolver,11,46,data/set6/graph_2025-06-02-19-00-1511_21.csv
28,7897800,GoemansWilliamsonMaxCutSolver,11,46,data/set6/graph_2025-06-02-19-00-1511_21.csv
27,6133100,GoemansWilliamsonMaxCutSolver,11,46,data/set6/graph_2025-06-02-19-00-1511_21.csv
28,7817700,GoemansWilliamsonMaxCutSolver,11,46,data/set6/graph_2025-06-02-19-00-1511_21.csv
23,6064200,GoemansWilliamsonMaxCutSolver,11,34,data/set6/graph_2025-06-02-19-00-1511_22.csv
23,8783800,GoemansWilliamsonMaxCutSolver,11,34,data/set6/graph_2025-06-02-19-00-1511_22.csv
22,7121500,GoemansWilliamsonMaxCutSolver,11,34,data/set6/graph_2025-06-02-19-00-1511_22.csv
21,5366500,GoemansWilliamsonMaxCutSolver,11,34,data/set6/graph_2025-06-02-19-00-1511_22.csv
22,8431800,GoemansWilliamsonMaxCutSolver,11,34,data/set6/graph_2025-06-02-19-00-1511_22.csv
23,5565500,GoemansWilliamsonMaxCutSolver,11,34,data/set6/graph_2025-06-02-19-00-1511_22.csv
21,10047400,GoemansWilliamsonMaxCutSolver,11,34,data/set6/graph_2025-06-02-19-00-1511_22.csv
22,6104600,GoemansWilliamsonMaxCutSolver,11,34,data/set6/graph_2025-06-02-19-00-1511_22.csv
21,9001900,GoemansWilliamsonMaxCutSolver,11,34,data/set6/graph_2025-06-02-19-00-1511_22.csv
22,6535200,GoemansWilliamsonMaxCutSolver,11,34,data/set6/graph_2025-06-02-19-00-1511_22.csv
25,7068100,GoemansWilliamsonMaxCutSolver,11,40,data/set6/graph_2025-06-02-19-00-1511_23.csv
26,7688400,GoemansWilliamsonMaxCutSolver,11,40,data/set6/graph_2025-06-02-19-00-1511_23.csv
25,7201900,GoemansWilliamsonMaxCutSolver,11,40,data/set6/graph_2025-06-02-19-00-1511_23.csv
25,7202000,GoemansWilliamsonMaxCutSolver,11,40,data/set6/graph_2025-06-02-19-00-1511_23.csv
26,8529700,GoemansWilliamsonMaxCutSolver,11,40,data/set6/graph_2025-06-02-19-00-1511_23.csv
25,10973400,GoemansWilliamsonMaxCutSolver,11,40,data/set6/graph_2025-06-02-19-00-1511_23.csv
26,11464500,GoemansWilliamsonMaxCutSolver,11,40,data/set6/graph_2025-06-02-19-00-1511_23.csv
26,10725100,GoemansWilliamsonMaxCutSolver,11,40,data/set6/graph_2025-06-02-19-00-1511_23.csv
25,7953400,GoemansWilliamsonMaxCutSolver,11,40,data/set6/graph_2025-06-02-19-00-1511_23.csv
26,10344400,GoemansWilliamsonMaxCutSolver,11,40,data/set6/graph_2025-06-02-19-00-1511_23.csv
26,11737400,GoemansWilliamsonMaxCutSolver,11,41,data/set6/graph_2025-06-02-19-00-1511_24.csv
26,6361100,GoemansWilliamsonMaxCutSolver,11,41,data/set6/graph_2025-06-02-19-00-1511_24.csv
26,11616900,GoemansWilliamsonMaxCutSolver,11,41,data/set6/graph_2025-06-02-19-00-1511_24.csv
26,7278900,GoemansWilliamsonMaxCutSolver,11,41,data/set6/graph_2025-06-02-19-00-1511_24.csv
25,8109200,GoemansWilliamsonMaxCutSolver,11,41,data/set6/graph_2025-06-02-19-00-1511_24.csv
26,9973700,GoemansWilliamsonMaxCutSolver,11,41,data/set6/graph_2025-06-02-19-00-1511_24.csv
26,8159000,GoemansWilliamsonMaxCutSolver,11,41,data/set6/graph_2025-06-02-19-00-1511_24.csv
25,8087700,GoemansWilliamsonMaxCutSolver,11,41,data/set6/graph_2025-06-02-19-00-1511_24.csv
26,6642200,GoemansWilliamsonMaxCutSolver,11,41,data/set6/graph_2025-06-02-19-00-1511_24.csv
26,9703300,GoemansWilliamsonMaxCutSolver,11,41,data/set6/graph_2025-06-02-19-00-1511_24.csv
18,9553400,GoemansWilliamsonMaxCutSolver,11,26,data/set6/graph_2025-06-02-19-00-1511_26.csv
18,12834700,GoemansWilliamsonMaxCutSolver,11,26,data/set6/graph_2025-06-02-19-00-1511_26.csv
17,8861500,GoemansWilliamsonMaxCutSolver,11,26,data/set6/graph_2025-06-02-19-00-1511_26.csv
18,7503900,GoemansWilliamsonMaxCutSolver,11,26,data/set6/graph_2025-06-02-19-00-1511_26.csv
17,7671000,GoemansWilliamsonMaxCutSolver,11,26,data/set6/graph_2025-06-02-19-00-1511_26.csv
17,6999500,GoemansWilliamsonMaxCutSolver,11,26,data/set6/graph_2025-06-02-19-00-1511_26.csv
18,5535200,GoemansWilliamsonMaxCutSolver,11,26,data/set6/graph_2025-06-02-19-00-1511_26.csv
18,9474800,GoemansWilliamsonMaxCutSolver,11,26,data/set6/graph_2025-06-02-19-00-1511_26.csv
17,10883700,GoemansWilliamsonMaxCutSolver,11,26,data/set6/graph_2025-06-02-19-00-1511_26.csv
18,6455600,GoemansWilliamsonMaxCutSolver,11,26,data/set6/graph_2025-06-02-19-00-1511_26.csv
19,7919500,GoemansWilliamsonMaxCutSolver,11,30,data/set6/graph_2025-06-02-19-00-1511_30.csv
21,12209600,GoemansWilliamsonMaxCutSolver,11,30,data/set6/graph_2025-06-02-19-00-1511_30.csv
19,6588900,GoemansWilliamsonMaxCutSolver,11,30,data/set6/graph_2025-06-02-19-00-1511_30.csv
21,10254600,GoemansWilliamsonMaxCutSolver,11,30,data/set6/graph_2025-06-02-19-00-1511_30.csv
20,5671000,GoemansWilliamsonMaxCutSolver,11,30,data/set6/graph_2025-06-02-19-00-1511_30.csv
19,7041000,GoemansWilliamsonMaxCutSolver,11,30,data/set6/graph_2025-06-02-19-00-1511_30.csv
20,8991600,GoemansWilliamsonMaxCutSolver,11,30,data/set6/graph_2025-06-02-19-00-1511_30.csv
22,11018900,GoemansWilliamsonMaxCutSolver,11,30,data/set6/graph_2025-06-02-19-00-1511_30.csv
22,5758900,GoemansWilliamsonMaxCutSolver,11,30,data/set6/graph_2025-06-02-19-00-1511_30.csv
20,8014300,GoemansWilliamsonMaxCutSolver,11,30,data/set6/graph_2025-06-02-19-00-1511_30.csv
22,11377800,GoemansWilliamsonMaxCutSolver,11,31,data/set6/graph_2025-06-02-19-00-1511_31.csv
21,7413700,GoemansWilliamsonMaxCutSolver,11,31,data/set6/graph_2025-06-02-19-00-1511_31.csv
21,9205200,GoemansWilliamsonMaxCutSolver,11,31,data/set6/graph_2025-06-02-19-00-1511_31.csv
22,8311200,GoemansWilliamsonMaxCutSolver,11,31,data/set6/graph_2025-06-02-19-00-1511_31.csv
21,8196900,GoemansWilliamsonMaxCutSolver,11,31,data/set6/graph_2025-06-02-19-00-1511_31.csv
21,7894100,GoemansWilliamsonMaxCutSolver,11,31,data/set6/graph_2025-06-02-19-00-1511_31.csv
20,6965500,GoemansWilliamsonMaxCutSolver,11,31,data/set6/graph_2025-06-02-19-00-1511_31.csv
21,9523700,GoemansWilliamsonMaxCutSolver,11,31,data/set6/graph_2025-06-02-19-00-1511_31.csv
20,10471800,GoemansWilliamsonMaxCutSolver,11,31,data/set6/graph_2025-06-02-19-00-1511_31.csv
20,6585900,GoemansWilliamsonMaxCutSolver,11,31,data/set6/graph_2025-06-02-19-00-1511_31.csv
27,10589900,GoemansWilliamsonMaxCutSolver,11,43,data/set6/graph_2025-06-02-19-00-1511_32.csv
26,10700300,GoemansWilliamsonMaxCutSolver,11,43,data/set6/graph_2025-06-02-19-00-1511_32.csv
26,10716300,GoemansWilliamsonMaxCutSolver,11,43,data/set6/graph_2025-06-02-19-00-1511_32.csv
27,9273900,GoemansWilliamsonMaxCutSolver,11,43,data/set6/graph_2025-06-02-19-00-1511_32.csv
27,9477900,GoemansWilliamsonMaxCutSolver,11,43,data/set6/graph_2025-06-02-19-00-1511_32.csv
27,9400600,GoemansWilliamsonMaxCutSolver,11,43,data/set6/graph_2025-06-02-19-00-1511_32.csv
27,8457800,GoemansWilliamsonMaxCutSolver,11,43,data/set6/graph_2025-06-02-19-00-1511_32.csv
26,8052800,GoemansWilliamsonMaxCutSolver,11,43,data/set6/graph_2025-06-02-19-00-1511_32.csv
27,8492100,GoemansWilliamsonMaxCutSolver,11,43,data/set6/graph_2025-06-02-19-00-1511_32.csv
27,7283400,GoemansWilliamsonMaxCutSolver,11,43,data/set6/graph_2025-06-02-19-00-1511_32.csv
29,10038700,GoemansWilliamsonMaxCutSolver,11,49,data/set6/graph_2025-06-02-19-00-1511_33.csv
29,10371800,GoemansWilliamsonMaxCutSolver,11,49,data/set6/graph_2025-06-02-19-00-1511_33.csv
29,9115600,GoemansWilliamsonMaxCutSolver,11,49,data/set6/graph_2025-06-02-19-00-1511_33.csv
29,8296200,GoemansWilliamsonMaxCutSolver,11,49,data/set6/graph_2025-06-02-19-00-1511_33.csv
28,6890800,GoemansWilliamsonMaxCutSolver,11,49,data/set6/graph_2025-06-02-19-00-1511_33.csv
30,10396600,GoemansWilliamsonMaxCutSolver,11,49,data/set6/graph_2025-06-02-19-00-1511_33.csv
29,10556800,GoemansWilliamsonMaxCutSolver,11,49,data/set6/graph_2025-06-02-19-00-1511_33.csv
29,9108900,GoemansWilliamsonMaxCutSolver,11,49,data/set6/graph_2025-06-02-19-00-1511_33.csv
29,8434200,GoemansWilliamsonMaxCutSolver,11,49,data/set6/graph_2025-06-02-19-00-1511_33.csv
29,9052400,GoemansWilliamsonMaxCutSolver,11,49,data/set6/graph_2025-06-02-19-00-1511_33.csv
30,9218000,GoemansWilliamsonMaxCutSolver,11,55,data/set6/graph_2025-06-02-19-00-1511_34.csv
30,8361700,GoemansWilliamsonMaxCutSolver,11,55,data/set6/graph_2025-06-02-19-00-1511_34.csv
30,7910900,GoemansWilliamsonMaxCutSolver,11,55,data/set6/graph_2025-06-02-19-00-1511_34.csv
30,7834600,GoemansWilliamsonMaxCutSolver,11,55,data/set6/graph_2025-06-02-19-00-1511_34.csv
30,6044800,GoemansWilliamsonMaxCutSolver,11,55,data/set6/graph_2025-06-02-19-00-1511_34.csv
30,6500000,GoemansWilliamsonMaxCutSolver,11,55,data/set6/graph_2025-06-02-19-00-1511_34.csv
30,7132500,GoemansWilliamsonMaxCutSolver,11,55,data/set6/graph_2025-06-02-19-00-1511_34.csv
30,7426000,GoemansWilliamsonMaxCutSolver,11,55,data/set6/graph_2025-06-02-19-00-1511_34.csv
30,9055100,GoemansWilliamsonMaxCutSolver,11,55,data/set6/graph_2025-06-02-19-00-1511_34.csv
30,9789100,GoemansWilliamsonMaxCutSolver,11,55,data/set6/graph_2025-06-02-19-00-1511_34.csv
30,9296000,GoemansWilliamsonMaxCutSolver,11,54,data/set6/graph_2025-06-02-19-00-1511_35.csv
30,9688000,GoemansWilliamsonMaxCutSolver,11,54,data/set6/graph_2025-06-02-19-00-1511_35.csv
30,7836800,GoemansWilliamsonMaxCutSolver,11,54,data/set6/graph_2025-06-02-19-00-1511_35.csv
30,8170300,GoemansWilliamsonMaxCutSolver,11,54,data/set6/graph_2025-06-02-19-00-1511_35.csv
30,8600800,GoemansWilliamsonMaxCutSolver,11,54,data/set6/graph_2025-06-02-19-00-1511_35.csv
30,7147800,GoemansWilliamsonMaxCutSolver,11,54,data/set6/graph_2025-06-02-19-00-1511_35.csv
30,8368900,GoemansWilliamsonMaxCutSolver,11,54,data/set6/graph_2025-06-02-19-00-1511_35.csv
30,7615900,GoemansWilliamsonMaxCutSolver,11,54,data/set6/graph_2025-06-02-19-00-1511_35.csv
30,7545600,GoemansWilliamsonMaxCutSolver,11,54,data/set6/graph_2025-06-02-19-00-1511_35.csv
30,8570200,GoemansWilliamsonMaxCutSolver,11,54,data/set6/graph_2025-06-02-19-00-1511_35.csv
24,8208100,GoemansWilliamsonMaxCutSolver,11,36,data/set6/graph_2025-06-02-19-00-1511_36.csv
25,7779000,GoemansWilliamsonMaxCutSolver,11,36,data/set6/graph_2025-06-02-19-00-1511_36.csv
24,9961000,GoemansWilliamsonMaxCutSolver,11,36,data/set6/graph_2025-06-02-19-00-1511_36.csv
23,7935000,GoemansWilliamsonMaxCutSolver,11,36,data/set6/graph_2025-06-02-19-00-1511_36.csv
24,8941900,GoemansWilliamsonMaxCutSolver,11,36,data/set6/graph_2025-06-02-19-00-1511_36.csv
23,8565700,GoemansWilliamsonMaxCutSolver,11,36,data/set6/graph_2025-06-02-19-00-1511_36.csv
24,8051300,GoemansWilliamsonMaxCutSolver,11,36,data/set6/graph_2025-06-02-19-00-1511_36.csv
23,7633200,GoemansWilliamsonMaxCutSolver,11,36,data/set6/graph_2025-06-02-19-00-1511_36.csv
23,7945500,GoemansWilliamsonMaxCutSolver,11,36,data/set6/graph_2025-06-02-19-00-1511_36.csv
23,5686500,GoemansWilliamsonMaxCutSolver,11,36,data/set6/graph_2025-06-02-19-00-1511_36.csv
25,8588900,GoemansWilliamsonMaxCutSolver,11,37,data/set6/graph_2025-06-02-19-00-1511_37.csv
25,10648000,GoemansWilliamsonMaxCutSolver,11,37,data/set6/graph_2025-06-02-19-00-1511_37.csv
26,10060600,GoemansWilliamsonMaxCutSolver,11,37,data/set6/graph_2025-06-02-19-00-1511_37.csv
24,8187900,GoemansWilliamsonMaxCutSolver,11,37,data/set6/graph_2025-06-02-19-00-1511_37.csv
24,6654600,GoemansWilliamsonMaxCutSolver,11,37,data/set6/graph_2025-06-02-19-00-1511_37.csv
26,10907900,GoemansWilliamsonMaxCutSolver,11,37,data/set6/graph_2025-06-02-19-00-1511_37.csv
23,8033900,GoemansWilliamsonMaxCutSolver,11,37,data/set6/graph_2025-06-02-19-00-1511_37.csv
24,9896700,GoemansWilliamsonMaxCutSolver,11,37,data/set6/graph_2025-06-02-19-00-1511_37.csv
24,9331600,GoemansWilliamsonMaxCutSolver,11,37,data/set6/graph_2025-06-02-19-00-1511_37.csv
25,6366200,GoemansWilliamsonMaxCutSolver,11,37,data/set6/graph_2025-06-02-19-00-1511_37.csv
26,10154900,GoemansWilliamsonMaxCutSolver,11,38,data/set6/graph_2025-06-02-19-00-1511_38.csv
24,8404400,GoemansWilliamsonMaxCutSolver,11,38,data/set6/graph_2025-06-02-19-00-1511_38.csv
26,8421900,GoemansWilliamsonMaxCutSolver,11,38,data/set6/graph_2025-06-02-19-00-1511_38.csv
23,9171300,GoemansWilliamsonMaxCutSolver,11,38,data/set6/graph_2025-06-02-19-00-1511_38.csv
25,7205100,GoemansWilliamsonMaxCutSolver,11,38,data/set6/graph_2025-06-02-19-00-1511_38.csv
23,7370900,GoemansWilliamsonMaxCutSolver,11,38,data/set6/graph_2025-06-02-19-00-1511_38.csv
26,7689400,GoemansWilliamsonMaxCutSolver,11,38,data/set6/graph_2025-06-02-19-00-1511_38.csv
25,8499400,GoemansWilliamsonMaxCutSolver,11,38,data/set6/graph_2025-06-02-19-00-1511_38.csv
26,7379900,GoemansWilliamsonMaxCutSolver,11,38,data/set6/graph_2025-06-02-19-00-1511_38.csv
25,7272300,GoemansWilliamsonMaxCutSolver,11,38,data/set6/graph_2025-06-02-19-00-1511_38.csv
25,14789200,GoemansWilliamsonMaxCutSolver,11,39,data/set6/graph_2025-06-02-19-00-1511_39.csv
26,8765800,GoemansWilliamsonMaxCutSolver,11,39,data/set6/graph_2025-06-02-19-00-1511_39.csv
25,8018200,GoemansWilliamsonMaxCutSolver,11,39,data/set6/graph_2025-06-02-19-00-1511_39.csv
25,7263900,GoemansWilliamsonMaxCutSolver,11,39,data/set6/graph_2025-06-02-19-00-1511_39.csv
25,7805600,GoemansWilliamsonMaxCutSolver,11,39,data/set6/graph_2025-06-02-19-00-1511_39.csv
26,6725600,GoemansWilliamsonMaxCutSolver,11,39,data/set6/graph_2025-06-02-19-00-1511_39.csv
24,5441500,GoemansWilliamsonMaxCutSolver,11,39,data/set6/graph_2025-06-02-19-00-1511_39.csv
24,11253400,GoemansWilliamsonMaxCutSolver,11,39,data/set6/graph_2025-06-02-19-00-1511_39.csv
23,7182300,GoemansWilliamsonMaxCutSolver,11,39,data/set6/graph_2025-06-02-19-00-1511_39.csv
24,10432800,GoemansWilliamsonMaxCutSolver,11,39,data/set6/graph_2025-06-02-19-00-1511_39.csv
24,8522300,GoemansWilliamsonMaxCutSolver,11,40,data/set6/graph_2025-06-02-19-00-1511_40.csv
26,6931800,GoemansWilliamsonMaxCutSolver,11,40,data/set6/graph_2025-06-02-19-00-1511_40.csv
25,14007000,GoemansWilliamsonMaxCutSolver,11,40,data/set6/graph_2025-06-02-19-00-1511_40.csv
25,16376300,GoemansWilliamsonMaxCutSolver,11,40,data/set6/graph_2025-06-02-19-00-1511_40.csv
25,11045700,GoemansWilliamsonMaxCutSolver,11,40,data/set6/graph_2025-06-02-19-00-1511_40.csv
25,10535000,GoemansWilliamsonMaxCutSolver,11,40,data/set6/graph_2025-06-02-19-00-1511_40.csv
26,5777600,GoemansWilliamsonMaxCutSolver,11,40,data/set6/graph_2025-06-02-19-00-1511_40.csv
26,6759500,GoemansWilliamsonMaxCutSolver,11,40,data/set6/graph_2025-06-02-19-00-1511_40.csv
25,7446100,GoemansWilliamsonMaxCutSolver,11,40,data/set6/graph_2025-06-02-19-00-1511_40.csv
25,5652900,GoemansWilliamsonMaxCutSolver,11,40,data/set6/graph_2025-06-02-19-00-1511_40.csv
30,9320400,GoemansWilliamsonMaxCutSolver,11,54,data/set6/graph_2025-06-02-19-00-1511_43.csv
30,7157300,GoemansWilliamsonMaxCutSolver,11,54,data/set6/graph_2025-06-02-19-00-1511_43.csv
30,8941400,GoemansWilliamsonMaxCutSolver,11,54,data/set6/graph_2025-06-02-19-00-1511_43.csv
30,9049000,GoemansWilliamsonMaxCutSolver,11,54,data/set6/graph_2025-06-02-19-00-1511_43.csv
30,7972600,GoemansWilliamsonMaxCutSolver,11,54,data/set6/graph_2025-06-02-19-00-1511_43.csv
30,7541300,GoemansWilliamsonMaxCutSolver,11,54,data/set6/graph_2025-06-02-19-00-1511_43.csv
30,7831100,GoemansWilliamsonMaxCutSolver,11,54,data/set6/graph_2025-06-02-19-00-1511_43.csv
30,8788900,GoemansWilliamsonMaxCutSolver,11,54,data/set6/graph_2025-06-02-19-00-1511_43.csv
30,7246800,GoemansWilliamsonMaxCutSolver,11,54,data/set6/graph_2025-06-02-19-00-1511_43.csv
30,6484200,GoemansWilliamsonMaxCutSolver,11,54,data/set6/graph_2025-06-02-19-00-1511_43.csv
30,11944500,GoemansWilliamsonMaxCutSolver,11,55,data/set6/graph_2025-06-02-19-00-1511_44.csv
30,6923800,GoemansWilliamsonMaxCutSolver,11,55,data/set6/graph_2025-06-02-19-00-1511_44.csv
30,10724100,GoemansWilliamsonMaxCutSolver,11,55,data/set6/graph_2025-06-02-19-00-1511_44.csv
30,7929300,GoemansWilliamsonMaxCutSolver,11,55,data/set6/graph_2025-06-02-19-00-1511_44.csv
30,7590500,GoemansWilliamsonMaxCutSolver,11,55,data/set6/graph_2025-06-02-19-00-1511_44.csv
30,6828200,GoemansWilliamsonMaxCutSolver,11,55,data/set6/graph_2025-06-02-19-00-1511_44.csv
30,9170900,GoemansWilliamsonMaxCutSolver,11,55,data/set6/graph_2025-06-02-19-00-1511_44.csv
30,8715100,GoemansWilliamsonMaxCutSolver,11,55,data/set6/graph_2025-06-02-19-00-1511_44.csv
30,6700300,GoemansWilliamsonMaxCutSolver,11,55,data/set6/graph_2025-06-02-19-00-1511_44.csv
30,6438200,GoemansWilliamsonMaxCutSolver,11,55,data/set6/graph_2025-06-02-19-00-1511_44.csv
27,8310000,GoemansWilliamsonMaxCutSolver,11,45,data/set6/graph_2025-06-02-19-00-1511_45.csv
27,6838300,GoemansWilliamsonMaxCutSolver,11,45,data/set6/graph_2025-06-02-19-00-1511_45.csv
27,5791400,GoemansWilliamsonMaxCutSolver,11,45,data/set6/graph_2025-06-02-19-00-1511_45.csv
27,6023200,GoemansWilliamsonMaxCutSolver,11,45,data/set6/graph_2025-06-02-19-00-1511_45.csv
27,8100300,GoemansWilliamsonMaxCutSolver,11,45,data/set6/graph_2025-06-02-19-00-1511_45.csv
28,8116000,GoemansWilliamsonMaxCutSolver,11,45,data/set6/graph_2025-06-02-19-00-1511_45.csv
28,9795200,GoemansWilliamsonMaxCutSolver,11,45,data/set6/graph_2025-06-02-19-00-1511_45.csv
27,8520000,GoemansWilliamsonMaxCutSolver,11,45,data/set6/graph_2025-06-02-19-00-1511_45.csv
27,7368400,GoemansWilliamsonMaxCutSolver,11,45,data/set6/graph_2025-06-02-19-00-1511_45.csv
29,10794300,GoemansWilliamsonMaxCutSolver,11,45,data/set6/graph_2025-06-02-19-00-1511_45.csv
30,9761700,GoemansWilliamsonMaxCutSolver,11,54,data/set6/graph_2025-06-02-19-00-1511_46.csv
30,8318200,GoemansWilliamsonMaxCutSolver,11,54,data/set6/graph_2025-06-02-19-00-1511_46.csv
30,9020600,GoemansWilliamsonMaxCutSolver,11,54,data/set6/graph_2025-06-02-19-00-1511_46.csv
30,8268600,GoemansWilliamsonMaxCutSolver,11,54,data/set6/graph_2025-06-02-19-00-1511_46.csv
30,7378400,GoemansWilliamsonMaxCutSolver,11,54,data/set6/graph_2025-06-02-19-00-1511_46.csv
30,8162300,GoemansWilliamsonMaxCutSolver,11,54,data/set6/graph_2025-06-02-19-00-1511_46.csv
30,7319200,GoemansWilliamsonMaxCutSolver,11,54,data/set6/graph_2025-06-02-19-00-1511_46.csv
30,7642600,GoemansWilliamsonMaxCutSolver,11,54,data/set6/graph_2025-06-02-19-00-1511_46.csv
30,7724200,GoemansWilliamsonMaxCutSolver,11,54,data/set6/graph_2025-06-02-19-00-1511_46.csv
30,8323300,GoemansWilliamsonMaxCutSolver,11,54,data/set6/graph_2025-06-02-19-00-1511_46.csv
30,7937900,GoemansWilliamsonMaxCutSolver,11,55,data/set6/graph_2025-06-02-19-00-1511_47.csv
30,11027800,GoemansWilliamsonMaxCutSolver,11,55,data/set6/graph_2025-06-02-19-00-1511_47.csv
30,13025600,GoemansWilliamsonMaxCutSolver,11,55,data/set6/graph_2025-06-02-19-00-1511_47.csv
30,10516200,GoemansWilliamsonMaxCutSolver,11,55,data/set6/graph_2025-06-02-19-00-1511_47.csv
30,8217500,GoemansWilliamsonMaxCutSolver,11,55,data/set6/graph_2025-06-02-19-00-1511_47.csv
30,8882600,GoemansWilliamsonMaxCutSolver,11,55,data/set6/graph_2025-06-02-19-00-1511_47.csv
30,7621000,GoemansWilliamsonMaxCutSolver,11,55,data/set6/graph_2025-06-02-19-00-1511_47.csv
30,7809700,GoemansWilliamsonMaxCutSolver,11,55,data/set6/graph_2025-06-02-19-00-1511_47.csv
30,9905100,GoemansWilliamsonMaxCutSolver,11,55,data/set6/graph_2025-06-02-19-00-1511_47.csv
30,8520000,GoemansWilliamsonMaxCutSolver,11,55,data/set6/graph_2025-06-02-19-00-1511_47.csv
30,8437000,GoemansWilliamsonMaxCutSolver,11,55,data/set6/graph_2025-06-02-19-00-1511_48.csv
30,8482600,GoemansWilliamsonMaxCutSolver,11,55,data/set6/graph_2025-06-02-19-00-1511_48.csv
30,8336000,GoemansWilliamsonMaxCutSolver,11,55,data/set6/graph_2025-06-02-19-00-1511_48.csv
30,7462800,GoemansWilliamsonMaxCutSolver,11,55,data/set6/graph_2025-06-02-19-00-1511_48.csv
30,6687500,GoemansWilliamsonMaxCutSolver,11,55,data/set6/graph_2025-06-02-19-00-1511_48.csv
30,7314000,GoemansWilliamsonMaxCutSolver,11,55,data/set6/graph_2025-06-02-19-00-1511_48.csv
30,7677600,GoemansWilliamsonMaxCutSolver,11,55,data/set6/graph_2025-06-02-19-00-1511_48.csv
30,7715800,GoemansWilliamsonMaxCutSolver,11,55,data/set6/graph_2025-06-02-19-00-1511_48.csv
30,9899300,GoemansWilliamsonMaxCutSolver,11,55,data/set6/graph_2025-06-02-19-00-1511_48.csv
30,11816600,GoemansWilliamsonMaxCutSolver,11,55,data/set6/graph_2025-06-02-19-00-1511_48.csv
29,10675200,GoemansWilliamsonMaxCutSolver,11,49,data/set6/graph_2025-06-02-19-00-1511_49.csv
29,7648100,GoemansWilliamsonMaxCutSolver,11,49,data/set6/graph_2025-06-02-19-00-1511_49.csv
30,8098800,GoemansWilliamsonMaxCutSolver,11,49,data/set6/graph_2025-06-02-19-00-1511_49.csv
29,7301800,GoemansWilliamsonMaxCutSolver,11,49,data/set6/graph_2025-06-02-19-00-1511_49.csv
29,10847500,GoemansWilliamsonMaxCutSolver,11,49,data/set6/graph_2025-06-02-19-00-1511_49.csv
28,7288000,GoemansWilliamsonMaxCutSolver,11,49,data/set6/graph_2025-06-02-19-00-1511_49.csv
29,10061700,GoemansWilliamsonMaxCutSolver,11,49,data/set6/graph_2025-06-02-19-00-1511_49.csv
28,8547600,GoemansWilliamsonMaxCutSolver,11,49,data/set6/graph_2025-06-02-19-00-1511_49.csv
29,7411200,GoemansWilliamsonMaxCutSolver,11,49,data/set6/graph_2025-06-02-19-00-1511_49.csv
28,6820000,GoemansWilliamsonMaxCutSolver,11,49,data/set6/graph_2025-06-02-19-00-1511_49.csv
30,10861300,GoemansWilliamsonMaxCutSolver,11,51,data/set6/graph_2025-06-02-19-00-1511_51.csv
30,8543000,GoemansWilliamsonMaxCutSolver,11,51,data/set6/graph_2025-06-02-19-00-1511_51.csv
30,7954200,GoemansWilliamsonMaxCutSolver,11,51,data/set6/graph_2025-06-02-19-00-1511_51.csv
30,7416100,GoemansWilliamsonMaxCutSolver,11,51,data/set6/graph_2025-06-02-19-00-1511_51.csv
30,7478100,GoemansWilliamsonMaxCutSolver,11,51,data/set6/graph_2025-06-02-19-00-1511_51.csv
30,8025000,GoemansWilliamsonMaxCutSolver,11,51,data/set6/graph_2025-06-02-19-00-1511_51.csv
30,8809000,GoemansWilliamsonMaxCutSolver,11,51,data/set6/graph_2025-06-02-19-00-1511_51.csv
30,7541500,GoemansWilliamsonMaxCutSolver,11,51,data/set6/graph_2025-06-02-19-00-1511_51.csv
30,8491400,GoemansWilliamsonMaxCutSolver,11,51,data/set6/graph_2025-06-02-19-00-1511_51.csv
30,8121100,GoemansWilliamsonMaxCutSolver,11,51,data/set6/graph_2025-06-02-19-00-1511_51.csv
22,9021900,GoemansWilliamsonMaxCutSolver,15,33,data/set6/graph_2025-06-02-19-00-1515_33.csv
22,10495900,GoemansWilliamsonMaxCutSolver,15,33,data/set6/graph_2025-06-02-19-00-1515_33.csv
22,9823800,GoemansWilliamsonMaxCutSolver,15,33,data/set6/graph_2025-06-02-19-00-1515_33.csv
24,9790300,GoemansWilliamsonMaxCutSolver,15,33,data/set6/graph_2025-06-02-19-00-1515_33.csv
21,8638500,GoemansWilliamsonMaxCutSolver,15,33,data/set6/graph_2025-06-02-19-00-1515_33.csv
23,11304500,GoemansWilliamsonMaxCutSolver,15,33,data/set6/graph_2025-06-02-19-00-1515_33.csv
23,9399600,GoemansWilliamsonMaxCutSolver,15,33,data/set6/graph_2025-06-02-19-00-1515_33.csv
21,9699100,GoemansWilliamsonMaxCutSolver,15,33,data/set6/graph_2025-06-02-19-00-1515_33.csv
21,12268500,GoemansWilliamsonMaxCutSolver,15,33,data/set6/graph_2025-06-02-19-00-1515_33.csv
20,9093600,GoemansWilliamsonMaxCutSolver,15,33,data/set6/graph_2025-06-02-19-00-1515_33.csv
21,10153500,GoemansWilliamsonMaxCutSolver,16,32,data/set6/graph_2025-06-02-19-00-1516_32.csv
22,10238900,GoemansWilliamsonMaxCutSolver,16,32,data/set6/graph_2025-06-02-19-00-1516_32.csv
22,9053700,GoemansWilliamsonMaxCutSolver,16,32,data/set6/graph_2025-06-02-19-00-1516_32.csv
21,8433300,GoemansWilliamsonMaxCutSolver,16,32,data/set6/graph_2025-06-02-19-00-1516_32.csv
23,8280400,GoemansWilliamsonMaxCutSolver,16,32,data/set6/graph_2025-06-02-19-00-1516_32.csv
22,8663500,GoemansWilliamsonMaxCutSolver,16,32,data/set6/graph_2025-06-02-19-00-1516_32.csv
21,8053800,GoemansWilliamsonMaxCutSolver,16,32,data/set6/graph_2025-06-02-19-00-1516_32.csv
20,9876200,GoemansWilliamsonMaxCutSolver,16,32,data/set6/graph_2025-06-02-19-00-1516_32.csv
23,11940000,GoemansWilliamsonMaxCutSolver,16,32,data/set6/graph_2025-06-02-19-00-1516_32.csv
22,10719800,GoemansWilliamsonMaxCutSolver,16,32,data/set6/graph_2025-06-02-19-00-1516_32.csv
38,11340500,GoemansWilliamsonMaxCutSolver,16,63,data/set6/graph_2025-06-02-19-00-1516_34.csv
41,12536900,GoemansWilliamsonMaxCutSolver,16,63,data/set6/graph_2025-06-02-19-00-1516_34.csv
40,8649500,GoemansWilliamsonMaxCutSolver,16,63,data/set6/graph_2025-06-02-19-00-1516_34.csv
37,10739600,GoemansWilliamsonMaxCutSolver,16,63,data/set6/graph_2025-06-02-19-00-1516_34.csv
40,12051700,GoemansWilliamsonMaxCutSolver,16,63,data/set6/graph_2025-06-02-19-00-1516_34.csv
42,9765900,GoemansWilliamsonMaxCutSolver,16,63,data/set6/graph_2025-06-02-19-00-1516_34.csv
38,11626300,GoemansWilliamsonMaxCutSolver,16,63,data/set6/graph_2025-06-02-19-00-1516_34.csv
40,12026700,GoemansWilliamsonMaxCutSolver,16,63,data/set6/graph_2025-06-02-19-00-1516_34.csv
40,7820300,GoemansWilliamsonMaxCutSolver,16,63,data/set6/graph_2025-06-02-19-00-1516_34.csv
39,11646300,GoemansWilliamsonMaxCutSolver,16,63,data/set6/graph_2025-06-02-19-00-1516_34.csv
34,8330500,GoemansWilliamsonMaxCutSolver,16,53,data/set6/graph_2025-06-02-19-00-1516_35.csv
34,12136300,GoemansWilliamsonMaxCutSolver,16,53,data/set6/graph_2025-06-02-19-00-1516_35.csv
34,8609600,GoemansWilliamsonMaxCutSolver,16,53,data/set6/graph_2025-06-02-19-00-1516_35.csv
35,9762100,GoemansWilliamsonMaxCutSolver,16,53,data/set6/graph_2025-06-02-19-00-1516_35.csv
33,10796700,GoemansWilliamsonMaxCutSolver,16,53,data/set6/graph_2025-06-02-19-00-1516_35.csv
36,9795300,GoemansWilliamsonMaxCutSolver,16,53,data/set6/graph_2025-06-02-19-00-1516_35.csv
36,10008700,GoemansWilliamsonMaxCutSolver,16,53,data/set6/graph_2025-06-02-19-00-1516_35.csv
33,11131700,GoemansWilliamsonMaxCutSolver,16,53,data/set6/graph_2025-06-02-19-00-1516_35.csv
34,10494600,GoemansWilliamsonMaxCutSolver,16,53,data/set6/graph_2025-06-02-19-00-1516_35.csv
34,10634500,GoemansWilliamsonMaxCutSolver,16,53,data/set6/graph_2025-06-02-19-00-1516_35.csv
48,9929400,GoemansWilliamsonMaxCutSolver,16,79,data/set6/graph_2025-06-02-19-00-1516_36.csv
49,10307400,GoemansWilliamsonMaxCutSolver,16,79,data/set6/graph_2025-06-02-19-00-1516_36.csv
50,10708900,GoemansWilliamsonMaxCutSolver,16,79,data/set6/graph_2025-06-02-19-00-1516_36.csv
51,10825300,GoemansWilliamsonMaxCutSolver,16,79,data/set6/graph_2025-06-02-19-00-1516_36.csv
47,11784400,GoemansWilliamsonMaxCutSolver,16,79,data/set6/graph_2025-06-02-19-00-1516_36.csv
47,10329300,GoemansWilliamsonMaxCutSolver,16,79,data/set6/graph_2025-06-02-19-00-1516_36.csv
47,9561900,GoemansWilliamsonMaxCutSolver,16,79,data/set6/graph_2025-06-02-19-00-1516_36.csv
49,8124700,GoemansWilliamsonMaxCutSolver,16,79,data/set6/graph_2025-06-02-19-00-1516_36.csv
50,8036700,GoemansWilliamsonMaxCutSolver,16,79,data/set6/graph_2025-06-02-19-00-1516_36.csv
46,11056800,GoemansWilliamsonMaxCutSolver,16,79,data/set6/graph_2025-06-02-19-00-1516_36.csv
52,16438300,GoemansWilliamsonMaxCutSolver,16,90,data/set6/graph_2025-06-02-19-00-1516_37.csv
53,11449800,GoemansWilliamsonMaxCutSolver,16,90,data/set6/graph_2025-06-02-19-00-1516_37.csv
55,13237900,GoemansWilliamsonMaxCutSolver,16,90,data/set6/graph_2025-06-02-19-00-1516_37.csv
56,8825400,GoemansWilliamsonMaxCutSolver,16,90,data/set6/graph_2025-06-02-19-00-1516_37.csv
52,8995500,GoemansWilliamsonMaxCutSolver,16,90,data/set6/graph_2025-06-02-19-00-1516_37.csv
53,8211300,GoemansWilliamsonMaxCutSolver,16,90,data/set6/graph_2025-06-02-19-00-1516_37.csv
54,7874200,GoemansWilliamsonMaxCutSolver,16,90,data/set6/graph_2025-06-02-19-00-1516_37.csv
52,10779700,GoemansWilliamsonMaxCutSolver,16,90,data/set6/graph_2025-06-02-19-00-1516_37.csv
52,8211800,GoemansWilliamsonMaxCutSolver,16,90,data/set6/graph_2025-06-02-19-00-1516_37.csv
53,8916000,GoemansWilliamsonMaxCutSolver,16,90,data/set6/graph_2025-06-02-19-00-1516_37.csv
44,9378300,GoemansWilliamsonMaxCutSolver,16,74,data/set6/graph_2025-06-02-19-00-1516_38.csv
43,10291300,GoemansWilliamsonMaxCutSolver,16,74,data/set6/graph_2025-06-02-19-00-1516_38.csv
48,8571900,GoemansWilliamsonMaxCutSolver,16,74,data/set6/graph_2025-06-02-19-00-1516_38.csv
45,9021000,GoemansWilliamsonMaxCutSolver,16,74,data/set6/graph_2025-06-02-19-00-1516_38.csv
44,10657300,GoemansWilliamsonMaxCutSolver,16,74,data/set6/graph_2025-06-02-19-00-1516_38.csv
45,9110700,GoemansWilliamsonMaxCutSolver,16,74,data/set6/graph_2025-06-02-19-00-1516_38.csv
45,9286600,GoemansWilliamsonMaxCutSolver,16,74,data/set6/graph_2025-06-02-19-00-1516_38.csv
47,10022500,GoemansWilliamsonMaxCutSolver,16,74,data/set6/graph_2025-06-02-19-00-1516_38.csv
45,8333300,GoemansWilliamsonMaxCutSolver,16,74,data/set6/graph_2025-06-02-19-00-1516_38.csv
44,9459600,GoemansWilliamsonMaxCutSolver,16,74,data/set6/graph_2025-06-02-19-00-1516_38.csv
29,9165200,GoemansWilliamsonMaxCutSolver,16,40,data/set6/graph_2025-06-02-19-00-1516_40.csv
26,8981500,GoemansWilliamsonMaxCutSolver,16,40,data/set6/graph_2025-06-02-19-00-1516_40.csv
26,11660200,GoemansWilliamsonMaxCutSolver,16,40,data/set6/graph_2025-06-02-19-00-1516_40.csv
28,8093200,GoemansWilliamsonMaxCutSolver,16,40,data/set6/graph_2025-06-02-19-00-1516_40.csv
27,8591900,GoemansWilliamsonMaxCutSolver,16,40,data/set6/graph_2025-06-02-19-00-1516_40.csv
26,7956400,GoemansWilliamsonMaxCutSolver,16,40,data/set6/graph_2025-06-02-19-00-1516_40.csv
25,7809700,GoemansWilliamsonMaxCutSolver,16,40,data/set6/graph_2025-06-02-19-00-1516_40.csv
27,7568500,GoemansWilliamsonMaxCutSolver,16,40,data/set6/graph_2025-06-02-19-00-1516_40.csv
28,7836500,GoemansWilliamsonMaxCutSolver,16,40,data/set6/graph_2025-06-02-19-00-1516_40.csv
27,9524100,GoemansWilliamsonMaxCutSolver,16,40,data/set6/graph_2025-06-02-19-00-1516_40.csv
54,9598400,GoemansWilliamsonMaxCutSolver,16,95,data/set6/graph_2025-06-02-19-00-1516_55.csv
56,8240000,GoemansWilliamsonMaxCutSolver,16,95,data/set6/graph_2025-06-02-19-00-1516_55.csv
57,8153600,GoemansWilliamsonMaxCutSolver,16,95,data/set6/graph_2025-06-02-19-00-1516_55.csv
54,9566800,GoemansWilliamsonMaxCutSolver,16,95,data/set6/graph_2025-06-02-19-00-1516_55.csv
58,8961500,GoemansWilliamsonMaxCutSolver,16,95,data/set6/graph_2025-06-02-19-00-1516_55.csv
57,8326700,GoemansWilliamsonMaxCutSolver,16,95,data/set6/graph_2025-06-02-19-00-1516_55.csv
59,8441900,GoemansWilliamsonMaxCutSolver,16,95,data/set6/graph_2025-06-02-19-00-1516_55.csv
53,9133200,GoemansWilliamsonMaxCutSolver,16,95,data/set6/graph_2025-06-02-19-00-1516_55.csv
55,7942300,GoemansWilliamsonMaxCutSolver,16,95,data/set6/graph_2025-06-02-19-00-1516_55.csv
53,8696700,GoemansWilliamsonMaxCutSolver,16,95,data/set6/graph_2025-06-02-19-00-1516_55.csv
34,9447200,GoemansWilliamsonMaxCutSolver,16,56,data/set6/graph_2025-06-02-19-00-1516_56.csv
33,10625000,GoemansWilliamsonMaxCutSolver,16,56,data/set6/graph_2025-06-02-19-00-1516_56.csv
34,8608900,GoemansWilliamsonMaxCutSolver,16,56,data/set6/graph_2025-06-02-19-00-1516_56.csv
34,8470700,GoemansWilliamsonMaxCutSolver,16,56,data/set6/graph_2025-06-02-19-00-1516_56.csv
34,7651700,GoemansWilliamsonMaxCutSolver,16,56,data/set6/graph_2025-06-02-19-00-1516_56.csv
35,8023200,GoemansWilliamsonMaxCutSolver,16,56,data/set6/graph_2025-06-02-19-00-1516_56.csv
37,8881700,GoemansWilliamsonMaxCutSolver,16,56,data/set6/graph_2025-06-02-19-00-1516_56.csv
34,10173900,GoemansWilliamsonMaxCutSolver,16,56,data/set6/graph_2025-06-02-19-00-1516_56.csv
35,9507300,GoemansWilliamsonMaxCutSolver,16,56,data/set6/graph_2025-06-02-19-00-1516_56.csv
36,7305700,GoemansWilliamsonMaxCutSolver,16,56,data/set6/graph_2025-06-02-19-00-1516_56.csv
51,8713800,GoemansWilliamsonMaxCutSolver,16,87,data/set6/graph_2025-06-02-19-00-1516_57.csv
51,9310000,GoemansWilliamsonMaxCutSolver,16,87,data/set6/graph_2025-06-02-19-00-1516_57.csv
51,8990800,GoemansWilliamsonMaxCutSolver,16,87,data/set6/graph_2025-06-02-19-00-1516_57.csv
49,8442300,GoemansWilliamsonMaxCutSolver,16,87,data/set6/graph_2025-06-02-19-00-1516_57.csv
51,9029900,GoemansWilliamsonMaxCutSolver,16,87,data/set6/graph_2025-06-02-19-00-1516_57.csv
54,8966400,GoemansWilliamsonMaxCutSolver,16,87,data/set6/graph_2025-06-02-19-00-1516_57.csv
51,8559500,GoemansWilliamsonMaxCutSolver,16,87,data/set6/graph_2025-06-02-19-00-1516_57.csv
51,8900700,GoemansWilliamsonMaxCutSolver,16,87,data/set6/graph_2025-06-02-19-00-1516_57.csv
52,10297500,GoemansWilliamsonMaxCutSolver,16,87,data/set6/graph_2025-06-02-19-00-1516_57.csv
50,7781600,GoemansWilliamsonMaxCutSolver,16,87,data/set6/graph_2025-06-02-19-00-1516_57.csv
34,9048400,GoemansWilliamsonMaxCutSolver,16,58,data/set6/graph_2025-06-02-19-00-1516_58.csv
38,9045700,GoemansWilliamsonMaxCutSolver,16,58,data/set6/graph_2025-06-02-19-00-1516_58.csv
36,10632800,GoemansWilliamsonMaxCutSolver,16,58,data/set6/graph_2025-06-02-19-00-1516_58.csv
37,9029100,GoemansWilliamsonMaxCutSolver,16,58,data/set6/graph_2025-06-02-19-00-1516_58.csv
38,8866500,GoemansWilliamsonMaxCutSolver,16,58,data/set6/graph_2025-06-02-19-00-1516_58.csv
35,8312500,GoemansWilliamsonMaxCutSolver,16,58,data/set6/graph_2025-06-02-19-00-1516_58.csv
37,8181500,GoemansWilliamsonMaxCutSolver,16,58,data/set6/graph_2025-06-02-19-00-1516_58.csv
35,8062800,GoemansWilliamsonMaxCutSolver,16,58,data/set6/graph_2025-06-02-19-00-1516_58.csv
37,9153800,GoemansWilliamsonMaxCutSolver,16,58,data/set6/graph_2025-06-02-19-00-1516_58.csv
35,7993800,GoemansWilliamsonMaxCutSolver,16,58,data/set6/graph_2025-06-02-19-00-1516_58.csv
53,8849500,GoemansWilliamsonMaxCutSolver,16,85,data/set6/graph_2025-06-02-19-00-1516_59.csv
50,8346000,GoemansWilliamsonMaxCutSolver,16,85,data/set6/graph_2025-06-02-19-00-1516_59.csv
51,8658300,GoemansWilliamsonMaxCutSolver,16,85,data/set6/graph_2025-06-02-19-00-1516_59.csv
51,7833800,GoemansWilliamsonMaxCutSolver,16,85,data/set6/graph_2025-06-02-19-00-1516_59.csv
48,9135400,GoemansWilliamsonMaxCutSolver,16,85,data/set6/graph_2025-06-02-19-00-1516_59.csv
51,8785200,GoemansWilliamsonMaxCutSolver,16,85,data/set6/graph_2025-06-02-19-00-1516_59.csv
53,9988800,GoemansWilliamsonMaxCutSolver,16,85,data/set6/graph_2025-06-02-19-00-1516_59.csv
48,10044800,GoemansWilliamsonMaxCutSolver,16,85,data/set6/graph_2025-06-02-19-00-1516_59.csv
51,11165900,GoemansWilliamsonMaxCutSolver,16,85,data/set6/graph_2025-06-02-19-00-1516_59.csv
51,8855400,GoemansWilliamsonMaxCutSolver,16,85,data/set6/graph_2025-06-02-19-00-1516_59.csv
38,10694100,GoemansWilliamsonMaxCutSolver,16,60,data/set6/graph_2025-06-02-19-00-1516_60.csv
37,8755000,GoemansWilliamsonMaxCutSolver,16,60,data/set6/graph_2025-06-02-19-00-1516_60.csv
40,10013000,GoemansWilliamsonMaxCutSolver,16,60,data/set6/graph_2025-06-02-19-00-1516_60.csv
37,12513900,GoemansWilliamsonMaxCutSolver,16,60,data/set6/graph_2025-06-02-19-00-1516_60.csv
39,7996100,GoemansWilliamsonMaxCutSolver,16,60,data/set6/graph_2025-06-02-19-00-1516_60.csv
37,10311500,GoemansWilliamsonMaxCutSolver,16,60,data/set6/graph_2025-06-02-19-00-1516_60.csv
40,9776900,GoemansWilliamsonMaxCutSolver,16,60,data/set6/graph_2025-06-02-19-00-1516_60.csv
36,8731500,GoemansWilliamsonMaxCutSolver,16,60,data/set6/graph_2025-06-02-19-00-1516_60.csv
37,10084800,GoemansWilliamsonMaxCutSolver,16,60,data/set6/graph_2025-06-02-19-00-1516_60.csv
39,8744300,GoemansWilliamsonMaxCutSolver,16,60,data/set6/graph_2025-06-02-19-00-1516_60.csv
40,9621000,GoemansWilliamsonMaxCutSolver,16,61,data/set6/graph_2025-06-02-19-00-1516_61.csv
39,8137000,GoemansWilliamsonMaxCutSolver,16,61,data/set6/graph_2025-06-02-19-00-1516_61.csv
41,11072700,GoemansWilliamsonMaxCutSolver,16,61,data/set6/graph_2025-06-02-19-00-1516_61.csv
39,11013800,GoemansWilliamsonMaxCutSolver,16,61,data/set6/graph_2025-06-02-19-00-1516_61.csv
39,8866300,GoemansWilliamsonMaxCutSolver,16,61,data/set6/graph_2025-06-02-19-00-1516_61.csv
40,8766900,GoemansWilliamsonMaxCutSolver,16,61,data/set6/graph_2025-06-02-19-00-1516_61.csv
40,12274500,GoemansWilliamsonMaxCutSolver,16,61,data/set6/graph_2025-06-02-19-00-1516_61.csv
38,9267800,GoemansWilliamsonMaxCutSolver,16,61,data/set6/graph_2025-06-02-19-00-1516_61.csv
40,9626100,GoemansWilliamsonMaxCutSolver,16,61,data/set6/graph_2025-06-02-19-00-1516_61.csv
39,9821800,GoemansWilliamsonMaxCutSolver,16,61,data/set6/graph_2025-06-02-19-00-1516_61.csv
37,9936700,GoemansWilliamsonMaxCutSolver,16,62,data/set6/graph_2025-06-02-19-00-1516_62.csv
37,8606500,GoemansWilliamsonMaxCutSolver,16,62,data/set6/graph_2025-06-02-19-00-1516_62.csv
37,9772400,GoemansWilliamsonMaxCutSolver,16,62,data/set6/graph_2025-06-02-19-00-1516_62.csv
40,9121900,GoemansWilliamsonMaxCutSolver,16,62,data/set6/graph_2025-06-02-19-00-1516_62.csv
40,7568100,GoemansWilliamsonMaxCutSolver,16,62,data/set6/graph_2025-06-02-19-00-1516_62.csv
43,8096500,GoemansWilliamsonMaxCutSolver,16,62,data/set6/graph_2025-06-02-19-00-1516_62.csv
38,11080200,GoemansWilliamsonMaxCutSolver,16,62,data/set6/graph_2025-06-02-19-00-1516_62.csv
38,9534900,GoemansWilliamsonMaxCutSolver,16,62,data/set6/graph_2025-06-02-19-00-1516_62.csv
39,11108300,GoemansWilliamsonMaxCutSolver,16,62,data/set6/graph_2025-06-02-19-00-1516_62.csv
40,11167500,GoemansWilliamsonMaxCutSolver,16,62,data/set6/graph_2025-06-02-19-00-1516_62.csv
57,11478400,GoemansWilliamsonMaxCutSolver,16,99,data/set6/graph_2025-06-02-19-00-1516_63.csv
57,10043500,GoemansWilliamsonMaxCutSolver,16,99,data/set6/graph_2025-06-02-19-00-1516_63.csv
57,9190000,GoemansWilliamsonMaxCutSolver,16,99,data/set6/graph_2025-06-02-19-00-1516_63.csv
57,18631600,GoemansWilliamsonMaxCutSolver,16,99,data/set6/graph_2025-06-02-19-00-1516_63.csv
55,10876000,GoemansWilliamsonMaxCutSolver,16,99,data/set6/graph_2025-06-02-19-00-1516_63.csv
56,11828400,GoemansWilliamsonMaxCutSolver,16,99,data/set6/graph_2025-06-02-19-00-1516_63.csv
60,8912000,GoemansWilliamsonMaxCutSolver,16,99,data/set6/graph_2025-06-02-19-00-1516_63.csv
56,9987400,GoemansWilliamsonMaxCutSolver,16,99,data/set6/graph_2025-06-02-19-00-1516_63.csv
56,10072600,GoemansWilliamsonMaxCutSolver,16,99,data/set6/graph_2025-06-02-19-00-1516_63.csv
56,9503500,GoemansWilliamsonMaxCutSolver,16,99,data/set6/graph_2025-06-02-19-00-1516_63.csv
52,12954900,GoemansWilliamsonMaxCutSolver,16,89,data/set6/graph_2025-06-02-19-00-1516_64.csv
50,10819600,GoemansWilliamsonMaxCutSolver,16,89,data/set6/graph_2025-06-02-19-00-1516_64.csv
54,10387200,GoemansWilliamsonMaxCutSolver,16,89,data/set6/graph_2025-06-02-19-00-1516_64.csv
52,9879100,GoemansWilliamsonMaxCutSolver,16,89,data/set6/graph_2025-06-02-19-00-1516_64.csv
51,10040900,GoemansWilliamsonMaxCutSolver,16,89,data/set6/graph_2025-06-02-19-00-1516_64.csv
52,11694000,GoemansWilliamsonMaxCutSolver,16,89,data/set6/graph_2025-06-02-19-00-1516_64.csv
52,13551400,GoemansWilliamsonMaxCutSolver,16,89,data/set6/graph_2025-06-02-19-00-1516_64.csv
53,11067900,GoemansWilliamsonMaxCutSolver,16,89,data/set6/graph_2025-06-02-19-00-1516_64.csv
52,10901100,GoemansWilliamsonMaxCutSolver,16,89,data/set6/graph_2025-06-02-19-00-1516_64.csv
53,11116000,GoemansWilliamsonMaxCutSolver,16,89,data/set6/graph_2025-06-02-19-00-1516_64.csv
40,11952600,GoemansWilliamsonMaxCutSolver,16,66,data/set6/graph_2025-06-02-19-00-1516_66.csv
42,10973900,GoemansWilliamsonMaxCutSolver,16,66,data/set6/graph_2025-06-02-19-00-1516_66.csv
41,10083200,GoemansWilliamsonMaxCutSolver,16,66,data/set6/graph_2025-06-02-19-00-1516_66.csv
40,9027600,GoemansWilliamsonMaxCutSolver,16,66,data/set6/graph_2025-06-02-19-00-1516_66.csv
41,10852800,GoemansWilliamsonMaxCutSolver,16,66,data/set6/graph_2025-06-02-19-00-1516_66.csv
42,8470600,GoemansWilliamsonMaxCutSolver,16,66,data/set6/graph_2025-06-02-19-00-1516_66.csv
44,8818100,GoemansWilliamsonMaxCutSolver,16,66,data/set6/graph_2025-06-02-19-00-1516_66.csv
39,8623000,GoemansWilliamsonMaxCutSolver,16,66,data/set6/graph_2025-06-02-19-00-1516_66.csv
40,8727400,GoemansWilliamsonMaxCutSolver,16,66,data/set6/graph_2025-06-02-19-00-1516_66.csv
42,8690500,GoemansWilliamsonMaxCutSolver,16,66,data/set6/graph_2025-06-02-19-00-1516_66.csv
54,13597300,GoemansWilliamsonMaxCutSolver,16,98,data/set6/graph_2025-06-02-19-00-1516_69.csv
57,9238500,GoemansWilliamsonMaxCutSolver,16,98,data/set6/graph_2025-06-02-19-00-1516_69.csv
58,12920000,GoemansWilliamsonMaxCutSolver,16,98,data/set6/graph_2025-06-02-19-00-1516_69.csv
55,7959100,GoemansWilliamsonMaxCutSolver,16,98,data/set6/graph_2025-06-02-19-00-1516_69.csv
55,8356600,GoemansWilliamsonMaxCutSolver,16,98,data/set6/graph_2025-06-02-19-00-1516_69.csv
56,12572800,GoemansWilliamsonMaxCutSolver,16,98,data/set6/graph_2025-06-02-19-00-1516_69.csv
54,8700200,GoemansWilliamsonMaxCutSolver,16,98,data/set6/graph_2025-06-02-19-00-1516_69.csv
57,10110000,GoemansWilliamsonMaxCutSolver,16,98,data/set6/graph_2025-06-02-19-00-1516_69.csv
55,9993000,GoemansWilliamsonMaxCutSolver,16,98,data/set6/graph_2025-06-02-19-00-1516_69.csv
57,8791200,GoemansWilliamsonMaxCutSolver,16,98,data/set6/graph_2025-06-02-19-00-1516_69.csv
46,9112100,GoemansWilliamsonMaxCutSolver,16,79,data/set6/graph_2025-06-02-19-00-1516_79.csv
51,8524400,GoemansWilliamsonMaxCutSolver,16,79,data/set6/graph_2025-06-02-19-00-1516_79.csv
48,11695200,GoemansWilliamsonMaxCutSolver,16,79,data/set6/graph_2025-06-02-19-00-1516_79.csv
46,8172900,GoemansWilliamsonMaxCutSolver,16,79,data/set6/graph_2025-06-02-19-00-1516_79.csv
46,11974400,GoemansWilliamsonMaxCutSolver,16,79,data/set6/graph_2025-06-02-19-00-1516_79.csv
46,9375200,GoemansWilliamsonMaxCutSolver,16,79,data/set6/graph_2025-06-02-19-00-1516_79.csv
49,8852200,GoemansWilliamsonMaxCutSolver,16,79,data/set6/graph_2025-06-02-19-00-1516_79.csv
47,12204900,GoemansWilliamsonMaxCutSolver,16,79,data/set6/graph_2025-06-02-19-00-1516_79.csv
46,9468600,GoemansWilliamsonMaxCutSolver,16,79,data/set6/graph_2025-06-02-19-00-1516_79.csv
48,8309000,GoemansWilliamsonMaxCutSolver,16,79,data/set6/graph_2025-06-02-19-00-1516_79.csv
47,9980700,GoemansWilliamsonMaxCutSolver,16,81,data/set6/graph_2025-06-02-19-00-1516_81.csv
47,8651400,GoemansWilliamsonMaxCutSolver,16,81,data/set6/graph_2025-06-02-19-00-1516_81.csv
49,11007200,GoemansWilliamsonMaxCutSolver,16,81,data/set6/graph_2025-06-02-19-00-1516_81.csv
49,9512700,GoemansWilliamsonMaxCutSolver,16,81,data/set6/graph_2025-06-02-19-00-1516_81.csv
49,12812900,GoemansWilliamsonMaxCutSolver,16,81,data/set6/graph_2025-06-02-19-00-1516_81.csv
48,8989300,GoemansWilliamsonMaxCutSolver,16,81,data/set6/graph_2025-06-02-19-00-1516_81.csv
50,9909200,GoemansWilliamsonMaxCutSolver,16,81,data/set6/graph_2025-06-02-19-00-1516_81.csv
50,10269600,GoemansWilliamsonMaxCutSolver,16,81,data/set6/graph_2025-06-02-19-00-1516_81.csv
49,9215000,GoemansWilliamsonMaxCutSolver,16,81,data/set6/graph_2025-06-02-19-00-1516_81.csv
48,9548000,GoemansWilliamsonMaxCutSolver,16,81,data/set6/graph_2025-06-02-19-00-1516_81.csv
62,10681900,GoemansWilliamsonMaxCutSolver,16,111,data/set6/graph_2025-06-02-19-00-1516_83.csv
63,9995000,GoemansWilliamsonMaxCutSolver,16,111,data/set6/graph_2025-06-02-19-00-1516_83.csv
61,8757600,GoemansWilliamsonMaxCutSolver,16,111,data/set6/graph_2025-06-02-19-00-1516_83.csv
63,12742900,GoemansWilliamsonMaxCutSolver,16,111,data/set6/graph_2025-06-02-19-00-1516_83.csv
62,10839000,GoemansWilliamsonMaxCutSolver,16,111,data/set6/graph_2025-06-02-19-00-1516_83.csv
60,9238600,GoemansWilliamsonMaxCutSolver,16,111,data/set6/graph_2025-06-02-19-00-1516_83.csv
61,12953600,GoemansWilliamsonMaxCutSolver,16,111,data/set6/graph_2025-06-02-19-00-1516_83.csv
62,11123700,GoemansWilliamsonMaxCutSolver,16,111,data/set6/graph_2025-06-02-19-00-1516_83.csv
62,8072300,GoemansWilliamsonMaxCutSolver,16,111,data/set6/graph_2025-06-02-19-00-1516_83.csv
62,12711900,GoemansWilliamsonMaxCutSolver,16,111,data/set6/graph_2025-06-02-19-00-1516_83.csv
60,12761500,GoemansWilliamsonMaxCutSolver,16,108,data/set6/graph_2025-06-02-19-00-1516_84.csv
61,10484700,GoemansWilliamsonMaxCutSolver,16,108,data/set6/graph_2025-06-02-19-00-1516_84.csv
60,9218400,GoemansWilliamsonMaxCutSolver,16,108,data/set6/graph_2025-06-02-19-00-1516_84.csv
60,9066200,GoemansWilliamsonMaxCutSolver,16,108,data/set6/graph_2025-06-02-19-00-1516_84.csv
62,11443500,GoemansWilliamsonMaxCutSolver,16,108,data/set6/graph_2025-06-02-19-00-1516_84.csv
62,9158800,GoemansWilliamsonMaxCutSolver,16,108,data/set6/graph_2025-06-02-19-00-1516_84.csv
60,9877900,GoemansWilliamsonMaxCutSolver,16,108,data/set6/graph_2025-06-02-19-00-1516_84.csv
62,9677500,GoemansWilliamsonMaxCutSolver,16,108,data/set6/graph_2025-06-02-19-00-1516_84.csv
61,8970200,GoemansWilliamsonMaxCutSolver,16,108,data/set6/graph_2025-06-02-19-00-1516_84.csv
62,8372300,GoemansWilliamsonMaxCutSolver,16,108,data/set6/graph_2025-06-02-19-00-1516_84.csv
60,8792100,GoemansWilliamsonMaxCutSolver,16,108,data/set6/graph_2025-06-02-19-00-1516_85.csv
62,12039000,GoemansWilliamsonMaxCutSolver,16,108,data/set6/graph_2025-06-02-19-00-1516_85.csv
60,8184600,GoemansWilliamsonMaxCutSolver,16,108,data/set6/graph_2025-06-02-19-00-1516_85.csv
61,9318400,GoemansWilliamsonMaxCutSolver,16,108,data/set6/graph_2025-06-02-19-00-1516_85.csv
62,11987400,GoemansWilliamsonMaxCutSolver,16,108,data/set6/graph_2025-06-02-19-00-1516_85.csv
60,9811900,GoemansWilliamsonMaxCutSolver,16,108,data/set6/graph_2025-06-02-19-00-1516_85.csv
60,10249800,GoemansWilliamsonMaxCutSolver,16,108,data/set6/graph_2025-06-02-19-00-1516_85.csv
62,10187200,GoemansWilliamsonMaxCutSolver,16,108,data/set6/graph_2025-06-02-19-00-1516_85.csv
59,9894300,GoemansWilliamsonMaxCutSolver,16,108,data/set6/graph_2025-06-02-19-00-1516_85.csv
60,10736100,GoemansWilliamsonMaxCutSolver,16,108,data/set6/graph_2025-06-02-19-00-1516_85.csv
49,9839100,GoemansWilliamsonMaxCutSolver,16,86,data/set6/graph_2025-06-02-19-00-1516_86.csv
49,8664600,GoemansWilliamsonMaxCutSolver,16,86,data/set6/graph_2025-06-02-19-00-1516_86.csv
51,9220700,GoemansWilliamsonMaxCutSolver,16,86,data/set6/graph_2025-06-02-19-00-1516_86.csv
51,8983700,GoemansWilliamsonMaxCutSolver,16,86,data/set6/graph_2025-06-02-19-00-1516_86.csv
49,9018700,GoemansWilliamsonMaxCutSolver,16,86,data/set6/graph_2025-06-02-19-00-1516_86.csv
49,10279600,GoemansWilliamsonMaxCutSolver,16,86,data/set6/graph_2025-06-02-19-00-1516_86.csv
53,11231100,GoemansWilliamsonMaxCutSolver,16,86,data/set6/graph_2025-06-02-19-00-1516_86.csv
51,9825500,GoemansWilliamsonMaxCutSolver,16,86,data/set6/graph_2025-06-02-19-00-1516_86.csv
51,12481000,GoemansWilliamsonMaxCutSolver,16,86,data/set6/graph_2025-06-02-19-00-1516_86.csv
51,8656600,GoemansWilliamsonMaxCutSolver,16,86,data/set6/graph_2025-06-02-19-00-1516_86.csv
60,11943900,GoemansWilliamsonMaxCutSolver,16,108,data/set6/graph_2025-06-02-19-00-1516_87.csv
61,9307700,GoemansWilliamsonMaxCutSolver,16,108,data/set6/graph_2025-06-02-19-00-1516_87.csv
61,10183500,GoemansWilliamsonMaxCutSolver,16,108,data/set6/graph_2025-06-02-19-00-1516_87.csv
60,11220800,GoemansWilliamsonMaxCutSolver,16,108,data/set6/graph_2025-06-02-19-00-1516_87.csv
61,10381300,GoemansWilliamsonMaxCutSolver,16,108,data/set6/graph_2025-06-02-19-00-1516_87.csv
61,8531300,GoemansWilliamsonMaxCutSolver,16,108,data/set6/graph_2025-06-02-19-00-1516_87.csv
61,9122800,GoemansWilliamsonMaxCutSolver,16,108,data/set6/graph_2025-06-02-19-00-1516_87.csv
61,10684100,GoemansWilliamsonMaxCutSolver,16,108,data/set6/graph_2025-06-02-19-00-1516_87.csv
61,11326600,GoemansWilliamsonMaxCutSolver,16,108,data/set6/graph_2025-06-02-19-00-1516_87.csv
61,8622300,GoemansWilliamsonMaxCutSolver,16,108,data/set6/graph_2025-06-02-19-00-1516_87.csv
64,11079300,GoemansWilliamsonMaxCutSolver,16,118,data/set6/graph_2025-06-02-19-00-1516_88.csv
64,9251100,GoemansWilliamsonMaxCutSolver,16,118,data/set6/graph_2025-06-02-19-00-1516_88.csv
64,12172900,GoemansWilliamsonMaxCutSolver,16,118,data/set6/graph_2025-06-02-19-00-1516_88.csv
64,11371100,GoemansWilliamsonMaxCutSolver,16,118,data/set6/graph_2025-06-02-19-00-1516_88.csv
64,10280800,GoemansWilliamsonMaxCutSolver,16,118,data/set6/graph_2025-06-02-19-00-1516_88.csv
64,13278100,GoemansWilliamsonMaxCutSolver,16,118,data/set6/graph_2025-06-02-19-00-1516_88.csv
64,12467700,GoemansWilliamsonMaxCutSolver,16,118,data/set6/graph_2025-06-02-19-00-1516_88.csv
64,11355700,GoemansWilliamsonMaxCutSolver,16,118,data/set6/graph_2025-06-02-19-00-1516_88.csv
64,10484500,GoemansWilliamsonMaxCutSolver,16,118,data/set6/graph_2025-06-02-19-00-1516_88.csv
64,11288600,GoemansWilliamsonMaxCutSolver,16,118,data/set6/graph_2025-06-02-19-00-1516_88.csv
52,11817600,GoemansWilliamsonMaxCutSolver,16,90,data/set6/graph_2025-06-02-19-00-1516_90.csv
52,11068100,GoemansWilliamsonMaxCutSolver,16,90,data/set6/graph_2025-06-02-19-00-1516_90.csv
53,10568700,GoemansWilliamsonMaxCutSolver,16,90,data/set6/graph_2025-06-02-19-00-1516_90.csv
51,11314800,GoemansWilliamsonMaxCutSolver,16,90,data/set6/graph_2025-06-02-19-00-1516_90.csv
53,12261700,GoemansWilliamsonMaxCutSolver,16,90,data/set6/graph_2025-06-02-19-00-1516_90.csv
53,11405600,GoemansWilliamsonMaxCutSolver,16,90,data/set6/graph_2025-06-02-19-00-1516_90.csv
51,12208700,GoemansWilliamsonMaxCutSolver,16,90,data/set6/graph_2025-06-02-19-00-1516_90.csv
53,12623500,GoemansWilliamsonMaxCutSolver,16,90,data/set6/graph_2025-06-02-19-00-1516_90.csv
51,11386300,GoemansWilliamsonMaxCutSolver,16,90,data/set6/graph_2025-06-02-19-00-1516_90.csv
52,9961700,GoemansWilliamsonMaxCutSolver,16,90,data/set6/graph_2025-06-02-19-00-1516_90.csv
54,18097400,GoemansWilliamsonMaxCutSolver,16,91,data/set6/graph_2025-06-02-19-00-1516_91.csv
53,12514600,GoemansWilliamsonMaxCutSolver,16,91,data/set6/graph_2025-06-02-19-00-1516_91.csv
54,13774200,GoemansWilliamsonMaxCutSolver,16,91,data/set6/graph_2025-06-02-19-00-1516_91.csv
54,9723700,GoemansWilliamsonMaxCutSolver,16,91,data/set6/graph_2025-06-02-19-00-1516_91.csv
53,8385800,GoemansWilliamsonMaxCutSolver,16,91,data/set6/graph_2025-06-02-19-00-1516_91.csv
53,11351000,GoemansWilliamsonMaxCutSolver,16,91,data/set6/graph_2025-06-02-19-00-1516_91.csv
54,10344000,GoemansWilliamsonMaxCutSolver,16,91,data/set6/graph_2025-06-02-19-00-1516_91.csv
52,11140000,GoemansWilliamsonMaxCutSolver,16,91,data/set6/graph_2025-06-02-19-00-1516_91.csv
53,12381700,GoemansWilliamsonMaxCutSolver,16,91,data/set6/graph_2025-06-02-19-00-1516_91.csv
55,10941200,GoemansWilliamsonMaxCutSolver,16,91,data/set6/graph_2025-06-02-19-00-1516_91.csv
61,11555000,GoemansWilliamsonMaxCutSolver,16,111,data/set6/graph_2025-06-02-19-00-1516_92.csv
62,12848900,GoemansWilliamsonMaxCutSolver,16,111,data/set6/graph_2025-06-02-19-00-1516_92.csv
62,11314500,GoemansWilliamsonMaxCutSolver,16,111,data/set6/graph_2025-06-02-19-00-1516_92.csv
62,10930500,GoemansWilliamsonMaxCutSolver,16,111,data/set6/graph_2025-06-02-19-00-1516_92.csv
61,10504800,GoemansWilliamsonMaxCutSolver,16,111,data/set6/graph_2025-06-02-19-00-1516_92.csv
62,9753200,GoemansWilliamsonMaxCutSolver,16,111,data/set6/graph_2025-06-02-19-00-1516_92.csv
63,12388200,GoemansWilliamsonMaxCutSolver,16,111,data/set6/graph_2025-06-02-19-00-1516_92.csv
61,10772500,GoemansWilliamsonMaxCutSolver,16,111,data/set6/graph_2025-06-02-19-00-1516_92.csv
62,13382800,GoemansWilliamsonMaxCutSolver,16,111,data/set6/graph_2025-06-02-19-00-1516_92.csv
62,11156100,GoemansWilliamsonMaxCutSolver,16,111,data/set6/graph_2025-06-02-19-00-1516_92.csv
63,10567200,GoemansWilliamsonMaxCutSolver,16,114,data/set6/graph_2025-06-02-19-00-1516_93.csv
63,8752500,GoemansWilliamsonMaxCutSolver,16,114,data/set6/graph_2025-06-02-19-00-1516_93.csv
63,10542300,GoemansWilliamsonMaxCutSolver,16,114,data/set6/graph_2025-06-02-19-00-1516_93.csv
63,10240600,GoemansWilliamsonMaxCutSolver,16,114,data/set6/graph_2025-06-02-19-00-1516_93.csv
62,8998100,GoemansWilliamsonMaxCutSolver,16,114,data/set6/graph_2025-06-02-19-00-1516_93.csv
62,9784000,GoemansWilliamsonMaxCutSolver,16,114,data/set6/graph_2025-06-02-19-00-1516_93.csv
64,8104300,GoemansWilliamsonMaxCutSolver,16,114,data/set6/graph_2025-06-02-19-00-1516_93.csv
64,10596000,GoemansWilliamsonMaxCutSolver,16,114,data/set6/graph_2025-06-02-19-00-1516_93.csv
64,10911000,GoemansWilliamsonMaxCutSolver,16,114,data/set6/graph_2025-06-02-19-00-1516_93.csv
62,12659200,GoemansWilliamsonMaxCutSolver,16,114,data/set6/graph_2025-06-02-19-00-1516_93.csv
77,16013100,GoemansWilliamsonMaxCutSolver,21,122,data/set6/graph_2025-06-02-19-00-1521_122.csv
73,12288000,GoemansWilliamsonMaxCutSolver,21,122,data/set6/graph_2025-06-02-19-00-1521_122.csv
73,13404300,GoemansWilliamsonMaxCutSolver,21,122,data/set6/graph_2025-06-02-19-00-1521_122.csv
72,13118500,GoemansWilliamsonMaxCutSolver,21,122,data/set6/graph_2025-06-02-19-00-1521_122.csv
72,13793400,GoemansWilliamsonMaxCutSolver,21,122,data/set6/graph_2025-06-02-19-00-1521_122.csv
68,11391900,GoemansWilliamsonMaxCutSolver,21,122,data/set6/graph_2025-06-02-19-00-1521_122.csv
71,13460300,GoemansWilliamsonMaxCutSolver,21,122,data/set6/graph_2025-06-02-19-00-1521_122.csv
72,13268300,GoemansWilliamsonMaxCutSolver,21,122,data/set6/graph_2025-06-02-19-00-1521_122.csv
71,12296100,GoemansWilliamsonMaxCutSolver,21,122,data/set6/graph_2025-06-02-19-00-1521_122.csv
71,15344800,GoemansWilliamsonMaxCutSolver,21,122,data/set6/graph_2025-06-02-19-00-1521_122.csv
76,13446400,GoemansWilliamsonMaxCutSolver,21,125,data/set6/graph_2025-06-02-19-00-1521_125.csv
72,15331000,GoemansWilliamsonMaxCutSolver,21,125,data/set6/graph_2025-06-02-19-00-1521_125.csv
73,15128400,GoemansWilliamsonMaxCutSolver,21,125,data/set6/graph_2025-06-02-19-00-1521_125.csv
70,12030600,GoemansWilliamsonMaxCutSolver,21,125,data/set6/graph_2025-06-02-19-00-1521_125.csv
74,15015600,GoemansWilliamsonMaxCutSolver,21,125,data/set6/graph_2025-06-02-19-00-1521_125.csv
73,14516700,GoemansWilliamsonMaxCutSolver,21,125,data/set6/graph_2025-06-02-19-00-1521_125.csv
72,11261800,GoemansWilliamsonMaxCutSolver,21,125,data/set6/graph_2025-06-02-19-00-1521_125.csv
72,13293100,GoemansWilliamsonMaxCutSolver,21,125,data/set6/graph_2025-06-02-19-00-1521_125.csv
74,11783400,GoemansWilliamsonMaxCutSolver,21,125,data/set6/graph_2025-06-02-19-00-1521_125.csv
75,13248700,GoemansWilliamsonMaxCutSolver,21,125,data/set6/graph_2025-06-02-19-00-1521_125.csv
98,14400200,GoemansWilliamsonMaxCutSolver,21,174,data/set6/graph_2025-06-02-19-00-1521_128.csv
97,16658500,GoemansWilliamsonMaxCutSolver,21,174,data/set6/graph_2025-06-02-19-00-1521_128.csv
95,12260600,GoemansWilliamsonMaxCutSolver,21,174,data/set6/graph_2025-06-02-19-00-1521_128.csv
95,14960600,GoemansWilliamsonMaxCutSolver,21,174,data/set6/graph_2025-06-02-19-00-1521_128.csv
98,15629800,GoemansWilliamsonMaxCutSolver,21,174,data/set6/graph_2025-06-02-19-00-1521_128.csv
97,16708100,GoemansWilliamsonMaxCutSolver,21,174,data/set6/graph_2025-06-02-19-00-1521_128.csv
98,16331000,GoemansWilliamsonMaxCutSolver,21,174,data/set6/graph_2025-06-02-19-00-1521_128.csv
99,16708500,GoemansWilliamsonMaxCutSolver,21,174,data/set6/graph_2025-06-02-19-00-1521_128.csv
97,16551800,GoemansWilliamsonMaxCutSolver,21,174,data/set6/graph_2025-06-02-19-00-1521_128.csv
97,16520500,GoemansWilliamsonMaxCutSolver,21,174,data/set6/graph_2025-06-02-19-00-1521_128.csv
98,15932300,GoemansWilliamsonMaxCutSolver,21,176,data/set6/graph_2025-06-02-19-00-1521_131.csv
96,16410500,GoemansWilliamsonMaxCutSolver,21,176,data/set6/graph_2025-06-02-19-00-1521_131.csv
99,18195600,GoemansWilliamsonMaxCutSolver,21,176,data/set6/graph_2025-06-02-19-00-1521_131.csv
96,15967000,GoemansWilliamsonMaxCutSolver,21,176,data/set6/graph_2025-06-02-19-00-1521_131.csv
97,15054900,GoemansWilliamsonMaxCutSolver,21,176,data/set6/graph_2025-06-02-19-00-1521_131.csv
96,16451100,GoemansWilliamsonMaxCutSolver,21,176,data/set6/graph_2025-06-02-19-00-1521_131.csv
99,19019300,GoemansWilliamsonMaxCutSolver,21,176,data/set6/graph_2025-06-02-19-00-1521_131.csv
98,17075800,GoemansWilliamsonMaxCutSolver,21,176,data/set6/graph_2025-06-02-19-00-1521_131.csv
97,17101600,GoemansWilliamsonMaxCutSolver,21,176,data/set6/graph_2025-06-02-19-00-1521_131.csv
99,12825100,GoemansWilliamsonMaxCutSolver,21,176,data/set6/graph_2025-06-02-19-00-1521_131.csv
78,14508200,GoemansWilliamsonMaxCutSolver,21,132,data/set6/graph_2025-06-02-19-00-1521_132.csv
79,13823200,GoemansWilliamsonMaxCutSolver,21,132,data/set6/graph_2025-06-02-19-00-1521_132.csv
77,12590700,GoemansWilliamsonMaxCutSolver,21,132,data/set6/graph_2025-06-02-19-00-1521_132.csv
76,18100800,GoemansWilliamsonMaxCutSolver,21,132,data/set6/graph_2025-06-02-19-00-1521_132.csv
73,15807000,GoemansWilliamsonMaxCutSolver,21,132,data/set6/graph_2025-06-02-19-00-1521_132.csv
76,15425900,GoemansWilliamsonMaxCutSolver,21,132,data/set6/graph_2025-06-02-19-00-1521_132.csv
75,13679600,GoemansWilliamsonMaxCutSolver,21,132,data/set6/graph_2025-06-02-19-00-1521_132.csv
77,18009300,GoemansWilliamsonMaxCutSolver,21,132,data/set6/graph_2025-06-02-19-00-1521_132.csv
76,12849200,GoemansWilliamsonMaxCutSolver,21,132,data/set6/graph_2025-06-02-19-00-1521_132.csv
75,14165900,GoemansWilliamsonMaxCutSolver,21,132,data/set6/graph_2025-06-02-19-00-1521_132.csv
80,13048500,GoemansWilliamsonMaxCutSolver,21,133,data/set6/graph_2025-06-02-19-00-1521_133.csv
78,13514900,GoemansWilliamsonMaxCutSolver,21,133,data/set6/graph_2025-06-02-19-00-1521_133.csv
78,16418100,GoemansWilliamsonMaxCutSolver,21,133,data/set6/graph_2025-06-02-19-00-1521_133.csv
79,17941600,GoemansWilliamsonMaxCutSolver,21,133,data/set6/graph_2025-06-02-19-00-1521_133.csv
76,14501900,GoemansWilliamsonMaxCutSolver,21,133,data/set6/graph_2025-06-02-19-00-1521_133.csv
77,12871200,GoemansWilliamsonMaxCutSolver,21,133,data/set6/graph_2025-06-02-19-00-1521_133.csv
82,15445200,GoemansWilliamsonMaxCutSolver,21,133,data/set6/graph_2025-06-02-19-00-1521_133.csv
78,12317600,GoemansWilliamsonMaxCutSolver,21,133,data/set6/graph_2025-06-02-19-00-1521_133.csv
75,13725200,GoemansWilliamsonMaxCutSolver,21,133,data/set6/graph_2025-06-02-19-00-1521_133.csv
76,12486900,GoemansWilliamsonMaxCutSolver,21,133,data/set6/graph_2025-06-02-19-00-1521_133.csv
101,12697900,GoemansWilliamsonMaxCutSolver,21,182,data/set6/graph_2025-06-02-19-00-1521_134.csv
98,12443700,GoemansWilliamsonMaxCutSolver,21,182,data/set6/graph_2025-06-02-19-00-1521_134.csv
100,18663700,GoemansWilliamsonMaxCutSolver,21,182,data/set6/graph_2025-06-02-19-00-1521_134.csv
101,16179500,GoemansWilliamsonMaxCutSolver,21,182,data/set6/graph_2025-06-02-19-00-1521_134.csv
99,15112600,GoemansWilliamsonMaxCutSolver,21,182,data/set6/graph_2025-06-02-19-00-1521_134.csv
101,15984700,GoemansWilliamsonMaxCutSolver,21,182,data/set6/graph_2025-06-02-19-00-1521_134.csv
99,16523700,GoemansWilliamsonMaxCutSolver,21,182,data/set6/graph_2025-06-02-19-00-1521_134.csv
99,14626100,GoemansWilliamsonMaxCutSolver,21,182,data/set6/graph_2025-06-02-19-00-1521_134.csv
98,16105900,GoemansWilliamsonMaxCutSolver,21,182,data/set6/graph_2025-06-02-19-00-1521_134.csv
101,14463600,GoemansWilliamsonMaxCutSolver,21,182,data/set6/graph_2025-06-02-19-00-1521_134.csv
109,16353900,GoemansWilliamsonMaxCutSolver,21,205,data/set6/graph_2025-06-02-19-00-1521_135.csv
109,17159700,GoemansWilliamsonMaxCutSolver,21,205,data/set6/graph_2025-06-02-19-00-1521_135.csv
110,17258200,GoemansWilliamsonMaxCutSolver,21,205,data/set6/graph_2025-06-02-19-00-1521_135.csv
109,18413400,GoemansWilliamsonMaxCutSolver,21,205,data/set6/graph_2025-06-02-19-00-1521_135.csv
110,17456900,GoemansWilliamsonMaxCutSolver,21,205,data/set6/graph_2025-06-02-19-00-1521_135.csv
109,17347700,GoemansWilliamsonMaxCutSolver,21,205,data/set6/graph_2025-06-02-19-00-1521_135.csv
109,17651400,GoemansWilliamsonMaxCutSolver,21,205,data/set6/graph_2025-06-02-19-00-1521_135.csv
109,18731100,GoemansWilliamsonMaxCutSolver,21,205,data/set6/graph_2025-06-02-19-00-1521_135.csv
109,20226500,GoemansWilliamsonMaxCutSolver,21,205,data/set6/graph_2025-06-02-19-00-1521_135.csv
109,15881000,GoemansWilliamsonMaxCutSolver,21,205,data/set6/graph_2025-06-02-19-00-1521_135.csv
82,16055500,GoemansWilliamsonMaxCutSolver,21,137,data/set6/graph_2025-06-02-19-00-1521_137.csv
78,17871000,GoemansWilliamsonMaxCutSolver,21,137,data/set6/graph_2025-06-02-19-00-1521_137.csv
82,16163900,GoemansWilliamsonMaxCutSolver,21,137,data/set6/graph_2025-06-02-19-00-1521_137.csv
78,19555700,GoemansWilliamsonMaxCutSolver,21,137,data/set6/graph_2025-06-02-19-00-1521_137.csv
79,17210000,GoemansWilliamsonMaxCutSolver,21,137,data/set6/graph_2025-06-02-19-00-1521_137.csv
78,16782600,GoemansWilliamsonMaxCutSolver,21,137,data/set6/graph_2025-06-02-19-00-1521_137.csv
80,16757700,GoemansWilliamsonMaxCutSolver,21,137,data/set6/graph_2025-06-02-19-00-1521_137.csv
82,17705100,GoemansWilliamsonMaxCutSolver,21,137,data/set6/graph_2025-06-02-19-00-1521_137.csv
81,17263100,GoemansWilliamsonMaxCutSolver,21,137,data/set6/graph_2025-06-02-19-00-1521_137.csv
78,16576200,GoemansWilliamsonMaxCutSolver,21,137,data/set6/graph_2025-06-02-19-00-1521_137.csv
109,14722000,GoemansWilliamsonMaxCutSolver,21,204,data/set6/graph_2025-06-02-19-00-1521_139.csv
109,17923100,GoemansWilliamsonMaxCutSolver,21,204,data/set6/graph_2025-06-02-19-00-1521_139.csv
108,17613600,GoemansWilliamsonMaxCutSolver,21,204,data/set6/graph_2025-06-02-19-00-1521_139.csv
110,17065000,GoemansWilliamsonMaxCutSolver,21,204,data/set6/graph_2025-06-02-19-00-1521_139.csv
109,18976000,GoemansWilliamsonMaxCutSolver,21,204,data/set6/graph_2025-06-02-19-00-1521_139.csv
109,17930300,GoemansWilliamsonMaxCutSolver,21,204,data/set6/graph_2025-06-02-19-00-1521_139.csv
110,17859600,GoemansWilliamsonMaxCutSolver,21,204,data/set6/graph_2025-06-02-19-00-1521_139.csv
109,17985700,GoemansWilliamsonMaxCutSolver,21,204,data/set6/graph_2025-06-02-19-00-1521_139.csv
108,20982000,GoemansWilliamsonMaxCutSolver,21,204,data/set6/graph_2025-06-02-19-00-1521_139.csv
109,17754900,GoemansWilliamsonMaxCutSolver,21,204,data/set6/graph_2025-06-02-19-00-1521_139.csv
79,15946900,GoemansWilliamsonMaxCutSolver,21,140,data/set6/graph_2025-06-02-19-00-1521_140.csv
79,17915700,GoemansWilliamsonMaxCutSolver,21,140,data/set6/graph_2025-06-02-19-00-1521_140.csv
82,17879300,GoemansWilliamsonMaxCutSolver,21,140,data/set6/graph_2025-06-02-19-00-1521_140.csv
79,15198700,GoemansWilliamsonMaxCutSolver,21,140,data/set6/graph_2025-06-02-19-00-1521_140.csv
79,14965700,GoemansWilliamsonMaxCutSolver,21,140,data/set6/graph_2025-06-02-19-00-1521_140.csv
78,16983000,GoemansWilliamsonMaxCutSolver,21,140,data/set6/graph_2025-06-02-19-00-1521_140.csv
80,17766600,GoemansWilliamsonMaxCutSolver,21,140,data/set6/graph_2025-06-02-19-00-1521_140.csv
77,16234800,GoemansWilliamsonMaxCutSolver,21,140,data/set6/graph_2025-06-02-19-00-1521_140.csv
81,16266000,GoemansWilliamsonMaxCutSolver,21,140,data/set6/graph_2025-06-02-19-00-1521_140.csv
80,20041200,GoemansWilliamsonMaxCutSolver,21,140,data/set6/graph_2025-06-02-19-00-1521_140.csv
44,16689300,GoemansWilliamsonMaxCutSolver,21,72,data/set6/graph_2025-06-02-19-00-1521_46.csv
46,15417400,GoemansWilliamsonMaxCutSolver,21,72,data/set6/graph_2025-06-02-19-00-1521_46.csv
44,14761900,GoemansWilliamsonMaxCutSolver,21,72,data/set6/graph_2025-06-02-19-00-1521_46.csv
47,11836200,GoemansWilliamsonMaxCutSolver,21,72,data/set6/graph_2025-06-02-19-00-1521_46.csv
48,15113700,GoemansWilliamsonMaxCutSolver,21,72,data/set6/graph_2025-06-02-19-00-1521_46.csv
45,12726600,GoemansWilliamsonMaxCutSolver,21,72,data/set6/graph_2025-06-02-19-00-1521_46.csv
46,14555300,GoemansWilliamsonMaxCutSolver,21,72,data/set6/graph_2025-06-02-19-00-1521_46.csv
44,14076300,GoemansWilliamsonMaxCutSolver,21,72,data/set6/graph_2025-06-02-19-00-1521_46.csv
45,13849700,GoemansWilliamsonMaxCutSolver,21,72,data/set6/graph_2025-06-02-19-00-1521_46.csv
45,14722100,GoemansWilliamsonMaxCutSolver,21,72,data/set6/graph_2025-06-02-19-00-1521_46.csv
33,16019500,GoemansWilliamsonMaxCutSolver,21,47,data/set6/graph_2025-06-02-19-00-1521_47.csv
29,12283600,GoemansWilliamsonMaxCutSolver,21,47,data/set6/graph_2025-06-02-19-00-1521_47.csv
30,16053600,GoemansWilliamsonMaxCutSolver,21,47,data/set6/graph_2025-06-02-19-00-1521_47.csv
32,13691700,GoemansWilliamsonMaxCutSolver,21,47,data/set6/graph_2025-06-02-19-00-1521_47.csv
32,14320000,GoemansWilliamsonMaxCutSolver,21,47,data/set6/graph_2025-06-02-19-00-1521_47.csv
33,12759300,GoemansWilliamsonMaxCutSolver,21,47,data/set6/graph_2025-06-02-19-00-1521_47.csv
32,12193300,GoemansWilliamsonMaxCutSolver,21,47,data/set6/graph_2025-06-02-19-00-1521_47.csv
32,13536100,GoemansWilliamsonMaxCutSolver,21,47,data/set6/graph_2025-06-02-19-00-1521_47.csv
29,13682900,GoemansWilliamsonMaxCutSolver,21,47,data/set6/graph_2025-06-02-19-00-1521_47.csv
33,13359100,GoemansWilliamsonMaxCutSolver,21,47,data/set6/graph_2025-06-02-19-00-1521_47.csv
65,14447900,GoemansWilliamsonMaxCutSolver,21,106,data/set6/graph_2025-06-02-19-00-1521_48.csv
62,13625100,GoemansWilliamsonMaxCutSolver,21,106,data/set6/graph_2025-06-02-19-00-1521_48.csv
63,10809100,GoemansWilliamsonMaxCutSolver,21,106,data/set6/graph_2025-06-02-19-00-1521_48.csv
65,12439800,GoemansWilliamsonMaxCutSolver,21,106,data/set6/graph_2025-06-02-19-00-1521_48.csv
64,16837100,GoemansWilliamsonMaxCutSolver,21,106,data/set6/graph_2025-06-02-19-00-1521_48.csv
66,15586500,GoemansWilliamsonMaxCutSolver,21,106,data/set6/graph_2025-06-02-19-00-1521_48.csv
67,12611100,GoemansWilliamsonMaxCutSolver,21,106,data/set6/graph_2025-06-02-19-00-1521_48.csv
66,12009100,GoemansWilliamsonMaxCutSolver,21,106,data/set6/graph_2025-06-02-19-00-1521_48.csv
65,10598200,GoemansWilliamsonMaxCutSolver,21,106,data/set6/graph_2025-06-02-19-00-1521_48.csv
66,13610800,GoemansWilliamsonMaxCutSolver,21,106,data/set6/graph_2025-06-02-19-00-1521_48.csv
59,17078600,GoemansWilliamsonMaxCutSolver,21,97,data/set6/graph_2025-06-02-19-00-1521_49.csv
56,14047800,GoemansWilliamsonMaxCutSolver,21,97,data/set6/graph_2025-06-02-19-00-1521_49.csv
59,13509100,GoemansWilliamsonMaxCutSolver,21,97,data/set6/graph_2025-06-02-19-00-1521_49.csv
60,11333800,GoemansWilliamsonMaxCutSolver,21,97,data/set6/graph_2025-06-02-19-00-1521_49.csv
58,10937000,GoemansWilliamsonMaxCutSolver,21,97,data/set6/graph_2025-06-02-19-00-1521_49.csv
62,10532100,GoemansWilliamsonMaxCutSolver,21,97,data/set6/graph_2025-06-02-19-00-1521_49.csv
61,12868400,GoemansWilliamsonMaxCutSolver,21,97,data/set6/graph_2025-06-02-19-00-1521_49.csv
62,17245000,GoemansWilliamsonMaxCutSolver,21,97,data/set6/graph_2025-06-02-19-00-1521_49.csv
56,15877700,GoemansWilliamsonMaxCutSolver,21,97,data/set6/graph_2025-06-02-19-00-1521_49.csv
60,13552700,GoemansWilliamsonMaxCutSolver,21,97,data/set6/graph_2025-06-02-19-00-1521_49.csv
76,18650200,GoemansWilliamsonMaxCutSolver,21,133,data/set6/graph_2025-06-02-19-00-1521_50.csv
76,17271900,GoemansWilliamsonMaxCutSolver,21,133,data/set6/graph_2025-06-02-19-00-1521_50.csv
77,18392500,GoemansWilliamsonMaxCutSolver,21,133,data/set6/graph_2025-06-02-19-00-1521_50.csv
79,18021200,GoemansWilliamsonMaxCutSolver,21,133,data/set6/graph_2025-06-02-19-00-1521_50.csv
77,15796300,GoemansWilliamsonMaxCutSolver,21,133,data/set6/graph_2025-06-02-19-00-1521_50.csv
80,17370200,GoemansWilliamsonMaxCutSolver,21,133,data/set6/graph_2025-06-02-19-00-1521_50.csv
78,16337200,GoemansWilliamsonMaxCutSolver,21,133,data/set6/graph_2025-06-02-19-00-1521_50.csv
79,15567200,GoemansWilliamsonMaxCutSolver,21,133,data/set6/graph_2025-06-02-19-00-1521_50.csv
76,14787100,GoemansWilliamsonMaxCutSolver,21,133,data/set6/graph_2025-06-02-19-00-1521_50.csv
78,13761100,GoemansWilliamsonMaxCutSolver,21,133,data/set6/graph_2025-06-02-19-00-1521_50.csv
63,12906100,GoemansWilliamsonMaxCutSolver,21,101,data/set6/graph_2025-06-02-19-00-1521_51.csv
60,13153200,GoemansWilliamsonMaxCutSolver,21,101,data/set6/graph_2025-06-02-19-00-1521_51.csv
59,15567400,GoemansWilliamsonMaxCutSolver,21,101,data/set6/graph_2025-06-02-19-00-1521_51.csv
59,22461800,GoemansWilliamsonMaxCutSolver,21,101,data/set6/graph_2025-06-02-19-00-1521_51.csv
60,16765200,GoemansWilliamsonMaxCutSolver,21,101,data/set6/graph_2025-06-02-19-00-1521_51.csv
62,13758400,GoemansWilliamsonMaxCutSolver,21,101,data/set6/graph_2025-06-02-19-00-1521_51.csv
61,13026800,GoemansWilliamsonMaxCutSolver,21,101,data/set6/graph_2025-06-02-19-00-1521_51.csv
62,15466500,GoemansWilliamsonMaxCutSolver,21,101,data/set6/graph_2025-06-02-19-00-1521_51.csv
60,10399100,GoemansWilliamsonMaxCutSolver,21,101,data/set6/graph_2025-06-02-19-00-1521_51.csv
60,15765900,GoemansWilliamsonMaxCutSolver,21,101,data/set6/graph_2025-06-02-19-00-1521_51.csv
33,16622200,GoemansWilliamsonMaxCutSolver,21,52,data/set6/graph_2025-06-02-19-00-1521_52.csv
33,12729100,GoemansWilliamsonMaxCutSolver,21,52,data/set6/graph_2025-06-02-19-00-1521_52.csv
35,13129700,GoemansWilliamsonMaxCutSolver,21,52,data/set6/graph_2025-06-02-19-00-1521_52.csv
32,12561000,GoemansWilliamsonMaxCutSolver,21,52,data/set6/graph_2025-06-02-19-00-1521_52.csv
32,12932900,GoemansWilliamsonMaxCutSolver,21,52,data/set6/graph_2025-06-02-19-00-1521_52.csv
35,11497000,GoemansWilliamsonMaxCutSolver,21,52,data/set6/graph_2025-06-02-19-00-1521_52.csv
34,10109100,GoemansWilliamsonMaxCutSolver,21,52,data/set6/graph_2025-06-02-19-00-1521_52.csv
34,11975800,GoemansWilliamsonMaxCutSolver,21,52,data/set6/graph_2025-06-02-19-00-1521_52.csv
35,14163100,GoemansWilliamsonMaxCutSolver,21,52,data/set6/graph_2025-06-02-19-00-1521_52.csv
32,11383400,GoemansWilliamsonMaxCutSolver,21,52,data/set6/graph_2025-06-02-19-00-1521_52.csv
34,15958900,GoemansWilliamsonMaxCutSolver,21,53,data/set6/graph_2025-06-02-19-00-1521_53.csv
34,12391100,GoemansWilliamsonMaxCutSolver,21,53,data/set6/graph_2025-06-02-19-00-1521_53.csv
38,14451000,GoemansWilliamsonMaxCutSolver,21,53,data/set6/graph_2025-06-02-19-00-1521_53.csv
35,11138000,GoemansWilliamsonMaxCutSolver,21,53,data/set6/graph_2025-06-02-19-00-1521_53.csv
34,14622100,GoemansWilliamsonMaxCutSolver,21,53,data/set6/graph_2025-06-02-19-00-1521_53.csv
34,14965800,GoemansWilliamsonMaxCutSolver,21,53,data/set6/graph_2025-06-02-19-00-1521_53.csv
35,13157300,GoemansWilliamsonMaxCutSolver,21,53,data/set6/graph_2025-06-02-19-00-1521_53.csv
31,15946600,GoemansWilliamsonMaxCutSolver,21,53,data/set6/graph_2025-06-02-19-00-1521_53.csv
35,16618900,GoemansWilliamsonMaxCutSolver,21,53,data/set6/graph_2025-06-02-19-00-1521_53.csv
34,17578500,GoemansWilliamsonMaxCutSolver,21,53,data/set6/graph_2025-06-02-19-00-1521_53.csv
74,14076000,GoemansWilliamsonMaxCutSolver,21,128,data/set6/graph_2025-06-02-19-00-1521_84.csv
74,16746900,GoemansWilliamsonMaxCutSolver,21,128,data/set6/graph_2025-06-02-19-00-1521_84.csv
73,12719500,GoemansWilliamsonMaxCutSolver,21,128,data/set6/graph_2025-06-02-19-00-1521_84.csv
73,11308900,GoemansWilliamsonMaxCutSolver,21,128,data/set6/graph_2025-06-02-19-00-1521_84.csv
75,12113800,GoemansWilliamsonMaxCutSolver,21,128,data/set6/graph_2025-06-02-19-00-1521_84.csv
74,14199500,GoemansWilliamsonMaxCutSolver,21,128,data/set6/graph_2025-06-02-19-00-1521_84.csv
78,12243000,GoemansWilliamsonMaxCutSolver,21,128,data/set6/graph_2025-06-02-19-00-1521_84.csv
72,14766900,GoemansWilliamsonMaxCutSolver,21,128,data/set6/graph_2025-06-02-19-00-1521_84.csv
76,14622700,GoemansWilliamsonMaxCutSolver,21,128,data/set6/graph_2025-06-02-19-00-1521_84.csv
74,13741600,GoemansWilliamsonMaxCutSolver,21,128,data/set6/graph_2025-06-02-19-00-1521_84.csv
91,12688000,GoemansWilliamsonMaxCutSolver,21,160,data/set6/graph_2025-06-02-19-00-1521_86.csv
91,12975300,GoemansWilliamsonMaxCutSolver,21,160,data/set6/graph_2025-06-02-19-00-1521_86.csv
88,13922300,GoemansWilliamsonMaxCutSolver,21,160,data/set6/graph_2025-06-02-19-00-1521_86.csv
91,17518000,GoemansWilliamsonMaxCutSolver,21,160,data/set6/graph_2025-06-02-19-00-1521_86.csv
89,16974100,GoemansWilliamsonMaxCutSolver,21,160,data/set6/graph_2025-06-02-19-00-1521_86.csv
90,15657700,GoemansWilliamsonMaxCutSolver,21,160,data/set6/graph_2025-06-02-19-00-1521_86.csv
89,12475200,GoemansWilliamsonMaxCutSolver,21,160,data/set6/graph_2025-06-02-19-00-1521_86.csv
89,15181600,GoemansWilliamsonMaxCutSolver,21,160,data/set6/graph_2025-06-02-19-00-1521_86.csv
89,14729900,GoemansWilliamsonMaxCutSolver,21,160,data/set6/graph_2025-06-02-19-00-1521_86.csv
90,15831700,GoemansWilliamsonMaxCutSolver,21,160,data/set6/graph_2025-06-02-19-00-1521_86.csv
90,16240400,GoemansWilliamsonMaxCutSolver,21,160,data/set6/graph_2025-06-02-19-00-1521_87.csv
93,13927600,GoemansWilliamsonMaxCutSolver,21,160,data/set6/graph_2025-06-02-19-00-1521_87.csv
90,11724100,GoemansWilliamsonMaxCutSolver,21,160,data/set6/graph_2025-06-02-19-00-1521_87.csv
89,14983600,GoemansWilliamsonMaxCutSolver,21,160,data/set6/graph_2025-06-02-19-00-1521_87.csv
91,12990000,GoemansWilliamsonMaxCutSolver,21,160,data/set6/graph_2025-06-02-19-00-1521_87.csv
90,13495600,GoemansWilliamsonMaxCutSolver,21,160,data/set6/graph_2025-06-02-19-00-1521_87.csv
91,15980200,GoemansWilliamsonMaxCutSolver,21,160,data/set6/graph_2025-06-02-19-00-1521_87.csv
90,14753200,GoemansWilliamsonMaxCutSolver,21,160,data/set6/graph_2025-06-02-19-00-1521_87.csv
90,10873000,GoemansWilliamsonMaxCutSolver,21,160,data/set6/graph_2025-06-02-19-00-1521_87.csv
88,12875800,GoemansWilliamsonMaxCutSolver,21,160,data/set6/graph_2025-06-02-19-00-1521_87.csv
100,20708600,GoemansWilliamsonMaxCutSolver,21,183,data/set6/graph_2025-06-02-19-00-1521_88.csv
101,20377200,GoemansWilliamsonMaxCutSolver,21,183,data/set6/graph_2025-06-02-19-00-1521_88.csv
103,15534000,GoemansWilliamsonMaxCutSolver,21,183,data/set6/graph_2025-06-02-19-00-1521_88.csv
100,14054100,GoemansWilliamsonMaxCutSolver,21,183,data/set6/graph_2025-06-02-19-00-1521_88.csv
102,14871300,GoemansWilliamsonMaxCutSolver,21,183,data/set6/graph_2025-06-02-19-00-1521_88.csv
100,15359000,GoemansWilliamsonMaxCutSolver,21,183,data/set6/graph_2025-06-02-19-00-1521_88.csv
101,14348400,GoemansWilliamsonMaxCutSolver,21,183,data/set6/graph_2025-06-02-19-00-1521_88.csv
100,15910400,GoemansWilliamsonMaxCutSolver,21,183,data/set6/graph_2025-06-02-19-00-1521_88.csv
102,16173500,GoemansWilliamsonMaxCutSolver,21,183,data/set6/graph_2025-06-02-19-00-1521_88.csv
100,15357700,GoemansWilliamsonMaxCutSolver,21,183,data/set6/graph_2025-06-02-19-00-1521_88.csv
95,16350400,GoemansWilliamsonMaxCutSolver,21,172,data/set6/graph_2025-06-02-19-00-1521_89.csv
93,17944400,GoemansWilliamsonMaxCutSolver,21,172,data/set6/graph_2025-06-02-19-00-1521_89.csv
94,15624100,GoemansWilliamsonMaxCutSolver,21,172,data/set6/graph_2025-06-02-19-00-1521_89.csv
96,17713700,GoemansWilliamsonMaxCutSolver,21,172,data/set6/graph_2025-06-02-19-00-1521_89.csv
95,15795100,GoemansWilliamsonMaxCutSolver,21,172,data/set6/graph_2025-06-02-19-00-1521_89.csv
97,15021300,GoemansWilliamsonMaxCutSolver,21,172,data/set6/graph_2025-06-02-19-00-1521_89.csv
99,15008500,GoemansWilliamsonMaxCutSolver,21,172,data/set6/graph_2025-06-02-19-00-1521_89.csv
97,15831600,GoemansWilliamsonMaxCutSolver,21,172,data/set6/graph_2025-06-02-19-00-1521_89.csv
95,13410100,GoemansWilliamsonMaxCutSolver,21,172,data/set6/graph_2025-06-02-19-00-1521_89.csv
96,16051700,GoemansWilliamsonMaxCutSolver,21,172,data/set6/graph_2025-06-02-19-00-1521_89.csv
54,15694100,GoemansWilliamsonMaxCutSolver,21,91,data/set6/graph_2025-06-02-19-00-1521_91.csv
55,14168600,GoemansWilliamsonMaxCutSolver,21,91,data/set6/graph_2025-06-02-19-00-1521_91.csv
55,11575400,GoemansWilliamsonMaxCutSolver,21,91,data/set6/graph_2025-06-02-19-00-1521_91.csv
56,15054900,GoemansWilliamsonMaxCutSolver,21,91,data/set6/graph_2025-06-02-19-00-1521_91.csv
54,15288700,GoemansWilliamsonMaxCutSolver,21,91,data/set6/graph_2025-06-02-19-00-1521_91.csv
54,13452300,GoemansWilliamsonMaxCutSolver,21,91,data/set6/graph_2025-06-02-19-00-1521_91.csv
57,13430900,GoemansWilliamsonMaxCutSolver,21,91,data/set6/graph_2025-06-02-19-00-1521_91.csv
54,12114100,GoemansWilliamsonMaxCutSolver,21,91,data/set6/graph_2025-06-02-19-00-1521_91.csv
58,16552500,GoemansWilliamsonMaxCutSolver,21,91,data/set6/graph_2025-06-02-19-00-1521_91.csv
56,11259300,GoemansWilliamsonMaxCutSolver,21,91,data/set6/graph_2025-06-02-19-00-1521_91.csv
55,13968000,GoemansWilliamsonMaxCutSolver,21,92,data/set6/graph_2025-06-02-19-00-1521_92.csv
55,12385200,GoemansWilliamsonMaxCutSolver,21,92,data/set6/graph_2025-06-02-19-00-1521_92.csv
55,12088800,GoemansWilliamsonMaxCutSolver,21,92,data/set6/graph_2025-06-02-19-00-1521_92.csv
56,15385200,GoemansWilliamsonMaxCutSolver,21,92,data/set6/graph_2025-06-02-19-00-1521_92.csv
56,14475600,GoemansWilliamsonMaxCutSolver,21,92,data/set6/graph_2025-06-02-19-00-1521_92.csv
57,12369900,GoemansWilliamsonMaxCutSolver,21,92,data/set6/graph_2025-06-02-19-00-1521_92.csv
58,12973900,GoemansWilliamsonMaxCutSolver,21,92,data/set6/graph_2025-06-02-19-00-1521_92.csv
57,15407900,GoemansWilliamsonMaxCutSolver,21,92,data/set6/graph_2025-06-02-19-00-1521_92.csv
56,11509200,GoemansWilliamsonMaxCutSolver,21,92,data/set6/graph_2025-06-02-19-00-1521_92.csv
55,13641000,GoemansWilliamsonMaxCutSolver,21,92,data/set6/graph_2025-06-02-19-00-1521_92.csv
57,15512100,GoemansWilliamsonMaxCutSolver,21,94,data/set6/graph_2025-06-02-19-00-1521_94.csv
59,12377500,GoemansWilliamsonMaxCutSolver,21,94,data/set6/graph_2025-06-02-19-00-1521_94.csv
61,11706100,GoemansWilliamsonMaxCutSolver,21,94,data/set6/graph_2025-06-02-19-00-1521_94.csv
60,15549500,GoemansWilliamsonMaxCutSolver,21,94,data/set6/graph_2025-06-02-19-00-1521_94.csv
58,16309900,GoemansWilliamsonMaxCutSolver,21,94,data/set6/graph_2025-06-02-19-00-1521_94.csv
56,11381000,GoemansWilliamsonMaxCutSolver,21,94,data/set6/graph_2025-06-02-19-00-1521_94.csv
57,12298000,GoemansWilliamsonMaxCutSolver,21,94,data/set6/graph_2025-06-02-19-00-1521_94.csv
57,11391900,GoemansWilliamsonMaxCutSolver,21,94,data/set6/graph_2025-06-02-19-00-1521_94.csv
57,23369000,GoemansWilliamsonMaxCutSolver,21,94,data/set6/graph_2025-06-02-19-00-1521_94.csv
56,20586900,GoemansWilliamsonMaxCutSolver,21,94,data/set6/graph_2025-06-02-19-00-1521_94.csv
55,15152600,GoemansWilliamsonMaxCutSolver,21,95,data/set6/graph_2025-06-02-19-00-1521_95.csv
60,10875200,GoemansWilliamsonMaxCutSolver,21,95,data/set6/graph_2025-06-02-19-00-1521_95.csv
63,11438000,GoemansWilliamsonMaxCutSolver,21,95,data/set6/graph_2025-06-02-19-00-1521_95.csv
59,11364500,GoemansWilliamsonMaxCutSolver,21,95,data/set6/graph_2025-06-02-19-00-1521_95.csv
56,15876000,GoemansWilliamsonMaxCutSolver,21,95,data/set6/graph_2025-06-02-19-00-1521_95.csv
55,14896300,GoemansWilliamsonMaxCutSolver,21,95,data/set6/graph_2025-06-02-19-00-1521_95.csv
59,11991500,GoemansWilliamsonMaxCutSolver,21,95,data/set6/graph_2025-06-02-19-00-1521_95.csv
58,19669700,GoemansWilliamsonMaxCutSolver,21,95,data/set6/graph_2025-06-02-19-00-1521_95.csv
57,11571800,GoemansWilliamsonMaxCutSolver,21,95,data/set6/graph_2025-06-02-19-00-1521_95.csv
58,14754500,GoemansWilliamsonMaxCutSolver,21,95,data/set6/graph_2025-06-02-19-00-1521_95.csv
15.0,152437200,GuirobiMaxCutSolver,10,20,data/set6/graph_2025-06-02-19-00-1510_20.csv
16.0,14863900,GuirobiMaxCutSolver,10,22,data/set6/graph_2025-06-02-19-00-1510_22.csv
16.0,14097300,GuirobiMaxCutSolver,11,19,data/set6/graph_2025-06-02-19-00-1511_19.csv
22.0,30201900,GuirobiMaxCutSolver,11,31,data/set6/graph_2025-06-02-19-00-1511_20.csv
29.0,22113400,GuirobiMaxCutSolver,11,46,data/set6/graph_2025-06-02-19-00-1511_21.csv
23.0,19486900,GuirobiMaxCutSolver,11,34,data/set6/graph_2025-06-02-19-00-1511_22.csv
26.0,23258000,GuirobiMaxCutSolver,11,40,data/set6/graph_2025-06-02-19-00-1511_23.csv
27.0,20572500,GuirobiMaxCutSolver,11,41,data/set6/graph_2025-06-02-19-00-1511_24.csv
18.0,16447700,GuirobiMaxCutSolver,11,26,data/set6/graph_2025-06-02-19-00-1511_26.csv
22.0,17299300,GuirobiMaxCutSolver,11,30,data/set6/graph_2025-06-02-19-00-1511_30.csv
22.0,13516900,GuirobiMaxCutSolver,11,31,data/set6/graph_2025-06-02-19-00-1511_31.csv
28.0,16288000,GuirobiMaxCutSolver,11,43,data/set6/graph_2025-06-02-19-00-1511_32.csv
30.0,27807700,GuirobiMaxCutSolver,11,49,data/set6/graph_2025-06-02-19-00-1511_33.csv
30.0,45607200,GuirobiMaxCutSolver,11,55,data/set6/graph_2025-06-02-19-00-1511_34.csv
30.0,29892000,GuirobiMaxCutSolver,11,54,data/set6/graph_2025-06-02-19-00-1511_35.csv
25.0,13373100,GuirobiMaxCutSolver,11,36,data/set6/graph_2025-06-02-19-00-1511_36.csv
26.0,12244000,GuirobiMaxCutSolver,11,37,data/set6/graph_2025-06-02-19-00-1511_37.csv
26.0,12712300,GuirobiMaxCutSolver,11,38,data/set6/graph_2025-06-02-19-00-1511_38.csv
26.0,15893200,GuirobiMaxCutSolver,11,39,data/set6/graph_2025-06-02-19-00-1511_39.csv
26.0,16491600,GuirobiMaxCutSolver,11,40,data/set6/graph_2025-06-02-19-00-1511_40.csv
30.0,38762900,GuirobiMaxCutSolver,11,54,data/set6/graph_2025-06-02-19-00-1511_43.csv
30.0,42023500,GuirobiMaxCutSolver,11,55,data/set6/graph_2025-06-02-19-00-1511_44.csv
29.0,22146300,GuirobiMaxCutSolver,11,45,data/set6/graph_2025-06-02-19-00-1511_45.csv
30.0,39966900,GuirobiMaxCutSolver,11,54,data/set6/graph_2025-06-02-19-00-1511_46.csv
30.0,42589000,GuirobiMaxCutSolver,11,55,data/set6/graph_2025-06-02-19-00-1511_47.csv
30.0,39947400,GuirobiMaxCutSolver,11,55,data/set6/graph_2025-06-02-19-00-1511_48.csv
30.0,28127500,GuirobiMaxCutSolver,11,49,data/set6/graph_2025-06-02-19-00-1511_49.csv
30.0,18571200,GuirobiMaxCutSolver,11,51,data/set6/graph_2025-06-02-19-00-1511_51.csv
25.0,14862300,GuirobiMaxCutSolver,15,33,data/set6/graph_2025-06-02-19-00-1515_33.csv
26.0,13595300,GuirobiMaxCutSolver,16,32,data/set6/graph_2025-06-02-19-00-1516_32.csv
44.0,30790600,GuirobiMaxCutSolver,16,63,data/set6/graph_2025-06-02-19-00-1516_34.csv
39.0,16852800,GuirobiMaxCutSolver,16,53,data/set6/graph_2025-06-02-19-00-1516_35.csv
52.0,49898300,GuirobiMaxCutSolver,16,79,data/set6/graph_2025-06-02-19-00-1516_36.csv
57.0,70605100,GuirobiMaxCutSolver,16,90,data/set6/graph_2025-06-02-19-00-1516_37.csv
49.0,34455600,GuirobiMaxCutSolver,16,74,data/set6/graph_2025-06-02-19-00-1516_38.csv
31.0,18158700,GuirobiMaxCutSolver,16,40,data/set6/graph_2025-06-02-19-00-1516_40.csv
59.0,48619200,GuirobiMaxCutSolver,16,95,data/set6/graph_2025-06-02-19-00-1516_55.csv
39.0,24319400,GuirobiMaxCutSolver,16,56,data/set6/graph_2025-06-02-19-00-1516_56.csv
54.0,67985900,GuirobiMaxCutSolver,16,87,data/set6/graph_2025-06-02-19-00-1516_57.csv
41.0,18780600,GuirobiMaxCutSolver,16,58,data/set6/graph_2025-06-02-19-00-1516_58.csv
54.0,55856700,GuirobiMaxCutSolver,16,85,data/set6/graph_2025-06-02-19-00-1516_59.csv
43.0,19855700,GuirobiMaxCutSolver,16,60,data/set6/graph_2025-06-02-19-00-1516_60.csv
42.0,29500700,GuirobiMaxCutSolver,16,61,data/set6/graph_2025-06-02-19-00-1516_61.csv
43.0,22662600,GuirobiMaxCutSolver,16,62,data/set6/graph_2025-06-02-19-00-1516_62.csv
62.0,82165300,GuirobiMaxCutSolver,16,99,data/set6/graph_2025-06-02-19-00-1516_63.csv
56.0,78593500,GuirobiMaxCutSolver,16,89,data/set6/graph_2025-06-02-19-00-1516_64.csv
45.0,29512500,GuirobiMaxCutSolver,16,66,data/set6/graph_2025-06-02-19-00-1516_66.csv
60.0,88785100,GuirobiMaxCutSolver,16,98,data/set6/graph_2025-06-02-19-00-1516_69.csv
52.0,40796800,GuirobiMaxCutSolver,16,79,data/set6/graph_2025-06-02-19-00-1516_79.csv
52.0,44537300,GuirobiMaxCutSolver,16,81,data/set6/graph_2025-06-02-19-00-1516_81.csv
64.0,169435900,GuirobiMaxCutSolver,16,111,data/set6/graph_2025-06-02-19-00-1516_83.csv
62.0,261250900,GuirobiMaxCutSolver,16,108,data/set6/graph_2025-06-02-19-00-1516_84.csv
63.0,130040000,GuirobiMaxCutSolver,16,108,data/set6/graph_2025-06-02-19-00-1516_85.csv
54.0,48443200,GuirobiMaxCutSolver,16,86,data/set6/graph_2025-06-02-19-00-1516_86.csv
63.0,144461400,GuirobiMaxCutSolver,16,108,data/set6/graph_2025-06-02-19-00-1516_87.csv
64.0,81300300,GuirobiMaxCutSolver,16,118,data/set6/graph_2025-06-02-19-00-1516_88.csv
55.0,110329500,GuirobiMaxCutSolver,16,90,data/set6/graph_2025-06-02-19-00-1516_90.csv
55.0,99999400,GuirobiMaxCutSolver,16,91,data/set6/graph_2025-06-02-19-00-1516_91.csv
64.0,196555100,GuirobiMaxCutSolver,16,111,data/set6/graph_2025-06-02-19-00-1516_92.csv
64.0,448551800,GuirobiMaxCutSolver,16,114,data/set6/graph_2025-06-02-19-00-1516_93.csv
79.0,93150500,GuirobiMaxCutSolver,21,122,data/set6/graph_2025-06-02-19-00-1521_122.csv
79.0,136311800,GuirobiMaxCutSolver,21,125,data/set6/graph_2025-06-02-19-00-1521_125.csv
103.0,297270900,GuirobiMaxCutSolver,21,174,data/set6/graph_2025-06-02-19-00-1521_128.csv
104.0,452116400,GuirobiMaxCutSolver,21,176,data/set6/graph_2025-06-02-19-00-1521_131.csv
83.0,114321000,GuirobiMaxCutSolver,21,132,data/set6/graph_2025-06-02-19-00-1521_132.csv
84.0,136754100,GuirobiMaxCutSolver,21,133,data/set6/graph_2025-06-02-19-00-1521_133.csv
106.0,568241700,GuirobiMaxCutSolver,21,182,data/set6/graph_2025-06-02-19-00-1521_134.csv
110.0,793877500,GuirobiMaxCutSolver,21,205,data/set6/graph_2025-06-02-19-00-1521_135.csv
86.0,125689800,GuirobiMaxCutSolver,21,137,data/set6/graph_2025-06-02-19-00-1521_137.csv
110.0,734329200,GuirobiMaxCutSolver,21,204,data/set6/graph_2025-06-02-19-00-1521_139.csv
88.0,134995300,GuirobiMaxCutSolver,21,140,data/set6/graph_2025-06-02-19-00-1521_140.csv
52.0,27565900,GuirobiMaxCutSolver,21,72,data/set6/graph_2025-06-02-19-00-1521_46.csv
37.0,17252700,GuirobiMaxCutSolver,21,47,data/set6/graph_2025-06-02-19-00-1521_47.csv
71.0,58635800,GuirobiMaxCutSolver,21,106,data/set6/graph_2025-06-02-19-00-1521_48.csv
66.0,49005800,GuirobiMaxCutSolver,21,97,data/set6/graph_2025-06-02-19-00-1521_49.csv
85.0,90803900,GuirobiMaxCutSolver,21,133,data/set6/graph_2025-06-02-19-00-1521_50.csv
67.0,69892100,GuirobiMaxCutSolver,21,101,data/set6/graph_2025-06-02-19-00-1521_51.csv
40.0,23346600,GuirobiMaxCutSolver,21,52,data/set6/graph_2025-06-02-19-00-1521_52.csv
43.0,15822100,GuirobiMaxCutSolver,21,53,data/set6/graph_2025-06-02-19-00-1521_53.csv
83.0,84349100,GuirobiMaxCutSolver,21,128,data/set6/graph_2025-06-02-19-00-1521_84.csv
97.0,221976300,GuirobiMaxCutSolver,21,160,data/set6/graph_2025-06-02-19-00-1521_86.csv
96.0,442320000,GuirobiMaxCutSolver,21,160,data/set6/graph_2025-06-02-19-00-1521_87.csv
106.0,678290100,GuirobiMaxCutSolver,21,183,data/set6/graph_2025-06-02-19-00-1521_88.csv
102.0,437181100,GuirobiMaxCutSolver,21,172,data/set6/graph_2025-06-02-19-00-1521_89.csv
61.0,58493000,GuirobiMaxCutSolver,21,91,data/set6/graph_2025-06-02-19-00-1521_91.csv
62.0,42352800,GuirobiMaxCutSolver,21,92,data/set6/graph_2025-06-02-19-00-1521_92.csv
63.0,58289600,GuirobiMaxCutSolver,21,94,data/set6/graph_2025-06-02-19-00-1521_94.csv
67.0,31194500,GuirobiMaxCutSolver,21,95,data/set6/graph_2025-06-02-19-00-1521_95.csv
